911377020, [0.04477611940298507,  0,  333.91547305006316,  362.3378737837702,  0] ,3,-23.41012155912904, [0.11940298507462686,  4,  371.84535444868015,  320.0128321558441,  0] 
911377020, [0.11940298507462686,  4,  371.84535444868015,  320.0128321558441,  0] ,1,-42.77283071045895, [0.19402985074626866,  7,  316.05049818445696,  410.655851187752,  0] 
911377020, [0.19402985074626866,  7,  316.05049818445696,  410.655851187752,  0] ,5,63.12978500891404, [0.2835820895522388,  10,  368.083229007465,  399.55879700184596,  0] 
911377020, [0.2835820895522388,  10,  368.083229007465,  399.55879700184596,  0] ,3,-46.23368928351192, [0.373134328358209,  11,  372.101588799007,  449.8108460768999,  0] 
911377020, [0.373134328358209,  11,  372.101588799007,  449.8108460768999,  0] ,3,-18.6470421039121, [0.4626865671641791,  5,  353.0323242103477,  449.3886235921527,  1] 
911377020, [0.4626865671641791,  5,  353.0323242103477,  449.3886235921527,  1] ,3,4.228526208215044, [0.5522388059701493,  6,  341.56812076823917,  433.6958939418291,  0] 
911377020, [0.5522388059701493,  6,  341.56812076823917,  433.6958939418291,  0] ,3,45.23205583001982, [0.6417910447761194,  8,  350.4398931304313,  397.33561047400144,  0] 
911377020, [0.6417910447761194,  8,  350.4398931304313,  397.33561047400144,  0] ,3,-27.533628943700023, [0.7014925373134329,  8,  360.9876739611973,  435.41702024846745,  0] 
911377020, [0.7014925373134329,  8,  360.9876739611973,  435.41702024846745,  0] ,3,-92.83561752748574, [0.835820895522388,  14,  348.6342166752911,  515.899180490047,  0] 
911283020, [0.04477611940298507,  2,  432.16155155047454,  270.17632223329565,  0] ,1,-55.72709241099437, [0.11940298507462686,  4,  441.68988013737544,  223.97755840920217,  0] 
911283020, [0.11940298507462686,  4,  441.68988013737544,  223.97755840920217,  0] ,1,63.733439693074615, [0.19402985074626866,  3,  411.9810696187815,  258.0021875836828,  0] 
911283020, [0.19402985074626866,  3,  411.9810696187815,  258.0021875836828,  0] ,1,5.856188652142009, [0.2835820895522388,  4,  394.31128627793805,  246.1885928949814,  0] 
911283020, [0.2835820895522388,  4,  394.31128627793805,  246.1885928949814,  0] ,1,-61.251478109719756, [0.373134328358209,  8,  459.55745195848067,  250.18328046580427,  1] 
911283020, [0.373134328358209,  8,  459.55745195848067,  250.18328046580427,  1] ,1,11.614309375156154, [0.4626865671641791,  9,  474.8741182517588,  277.11425613423853,  0] 
911283020, [0.4626865671641791,  9,  474.8741182517588,  277.11425613423853,  0] ,1,-56.13246838939085, [0.5522388059701493,  11,  493.50291835478856,  239.61058784787747,  0] 
911283020, [0.5522388059701493,  11,  493.50291835478856,  239.61058784787747,  0] ,1,-84.0128634993307, [0.6417910447761194,  16,  519.8547063342157,  181.94951232797393,  0] 
911283020, [0.6417910447761194,  16,  519.8547063342157,  181.94951232797393,  0] ,2,122.31171997142883, [0.7014925373134329,  15,  473.39278917301635,  257.7993151382034,  2] 
911283020, [0.7014925373134329,  15,  473.39278917301635,  257.7993151382034,  2] ,1,-174.9387333766863, [0.835820895522388,  28,  613.7706863732637,  223.23847896176449,  4] 
910985020, [0.04477611940298507,  1,  253.36646814264896,  376.8098540906467,  0] ,5,56.79148161193734, [0.11940298507462686,  2,  262.3872148110531,  329.0391191471135,  0] 
910985020, [0.11940298507462686,  2,  262.3872148110531,  329.0391191471135,  0] ,3,56.399572440685006, [0.19402985074626866,  3,  267.7952197097329,  278.0475516051083,  0] 
910985020, [0.19402985074626866,  3,  267.7952197097329,  278.0475516051083,  0] ,3,-14.928412688223034, [0.2835820895522388,  3,  301.04895868113454,  275.8682140975361,  0] 
910985020, [0.2835820895522388,  3,  301.04895868113454,  275.8682140975361,  0] ,1,-1.084666858860146, [0.373134328358209,  4,  276.4164959389236,  302.6819073813822,  0] 
910985020, [0.373134328358209,  4,  276.4164959389236,  302.6819073813822,  0] ,3,-13.424243360372202, [0.4626865671641791,  2,  278.3062289303598,  317.99588373319057,  0] 
910985020, [0.4626865671641791,  2,  278.3062289303598,  317.99588373319057,  0] ,3,-26.376877234379208, [0.5522388059701493,  4,  261.31254710573194,  327.3790791429419,  0] 
910985020, [0.5522388059701493,  4,  261.31254710573194,  327.3790791429419,  0] ,3,-77.27025875383697, [0.6417910447761194,  3,  183.70867748107048,  327.04546827211743,  0] 
910985020, [0.6417910447761194,  3,  183.70867748107048,  327.04546827211743,  0] ,5,122.03916650478641, [0.7014925373134329,  4,  298.64120485067906,  277.3435805644185,  4] 
910985020, [0.7014925373134329,  4,  298.64120485067906,  277.3435805644185,  4] ,1,-191.46234782840838, [0.835820895522388,  17,  161.1345999728146,  373.89457208748354,  0] 
911298020, [0.04477611940298507,  1,  332.01963459015315,  343.6807617652412,  0] ,2,-13.23136827577764, [0.11940298507462686,  0,  310.0045969665116,  334.8970924173773,  0] 
911298020, [0.11940298507462686,  0,  310.0045969665116,  334.8970924173773,  0] ,3,-44.223804388180724, [0.19402985074626866,  2,  304.6106408314772,  373.7269406705236,  0] 
911298020, [0.19402985074626866,  2,  304.6106408314772,  373.7269406705236,  0] ,3,-4.35572502627474, [0.2835820895522388,  4,  301.33573732110017,  374.8077621864213,  0] 
911298020, [0.2835820895522388,  4,  301.33573732110017,  374.8077621864213,  0] ,3,56.143132072116714, [0.373134328358209,  5,  317.06101801513796,  334.3899108083424,  0] 
911298020, [0.373134328358209,  5,  317.06101801513796,  334.3899108083424,  0] ,3,-45.33878689945777, [0.4626865671641791,  6,  360.80653774420716,  298.13885805154496,  0] 
911298020, [0.4626865671641791,  6,  360.80653774420716,  298.13885805154496,  0] ,1,61.91834958266554, [0.5522388059701493,  2,  336.7737076018857,  337.52303771188235,  0] 
911298020, [0.5522388059701493,  2,  336.7737076018857,  337.52303771188235,  0] ,2,-24.29133435622134, [0.6417910447761194,  5,  326.6652047970674,  301.6245403308494,  0] 
911298020, [0.6417910447761194,  5,  326.6652047970674,  301.6245403308494,  0] ,1,-21.153462193113228, [0.7014925373134329,  11,  325.70010841067415,  279.5059817513429,  3] 
911298020, [0.7014925373134329,  11,  325.70010841067415,  279.5059817513429,  3] ,1,-184.45823842171376, [0.835820895522388,  21,  466.6056079835107,  235.95324290246572,  1] 
910955020, [0.04477611940298507,  0,  405.68685610128887,  287.9939056639523,  0] ,0,9.3351357222964, [0.11940298507462686,  4,  391.6274535662087,  283.26963885116857,  1] 
910955020, [0.11940298507462686,  4,  391.6274535662087,  283.26963885116857,  1] ,1,40.11246261093402, [0.19402985074626866,  8,  368.19224835713976,  299.94689625303363,  0] 
910955020, [0.19402985074626866,  8,  368.19224835713976,  299.94689625303363,  0] ,1,-2.8632333311252296, [0.2835820895522388,  5,  379.8851229582324,  308.776537523001,  1] 
910955020, [0.2835820895522388,  5,  379.8851229582324,  308.776537523001,  1] ,1,47.07715186993664, [0.373134328358209,  5,  323.0763505767354,  347.10778414203014,  0] 
910955020, [0.373134328358209,  5,  323.0763505767354,  347.10778414203014,  0] ,3,2.229131567724835, [0.4626865671641791,  6,  327.73816949424145,  349.54047149181133,  0] 
910955020, [0.4626865671641791,  6,  327.73816949424145,  349.54047149181133,  0] ,3,-98.70107615894085, [0.5522388059701493,  4,  295.1295689826329,  415.63294713914365,  0] 
910955020, [0.5522388059701493,  4,  295.1295689826329,  415.63294713914365,  0] ,5,63.548578769466985, [0.6417910447761194,  8,  327.3827750774253,  384.33757446446907,  0] 
910955020, [0.6417910447761194,  8,  327.3827750774253,  384.33757446446907,  0] ,3,-85.71756843635012, [0.7014925373134329,  10,  266.08149469883574,  408.7538625222296,  2] 
910955020, [0.7014925373134329,  10,  266.08149469883574,  408.7538625222296,  2] ,5,-181.92158948851647, [0.835820895522388,  16,  213.94364739002413,  538.5376047019345,  0] 
911004030, [0.04477611940298507,  0,  284.6973203658563,  363.29658529809603,  0] ,3,77.75774895062568, [0.11940298507462686,  2,  317.21406143477725,  318.0555774163913,  0] 
911004030, [0.11940298507462686,  2,  317.21406143477725,  318.0555774163913,  0] ,2,-19.05442831049004, [0.19402985074626866,  4,  333.3216794710024,  313.4257351788983,  1] 
911004030, [0.19402985074626866,  4,  333.3216794710024,  313.4257351788983,  1] ,1,-73.2798545025289, [0.2835820895522388,  6,  362.09024355985457,  268.91444476522156,  1] 
911004030, [0.2835820895522388,  6,  362.09024355985457,  268.91444476522156,  1] ,1,-39.203309304419236, [0.373134328358209,  9,  410.9032564889094,  278.52414838985715,  0] 
911004030, [0.373134328358209,  9,  410.9032564889094,  278.52414838985715,  0] ,1,-1.9458060468678013, [0.4626865671641791,  9,  407.95182053842655,  273.6269063925065,  0] 
911004030, [0.4626865671641791,  9,  407.95182053842655,  273.6269063925065,  0] ,1,7.133110607170238, [0.5522388059701493,  9,  420.5949779597977,  293.4031744210479,  0] 
911004030, [0.5522388059701493,  9,  420.5949779597977,  293.4031744210479,  0] ,1,43.027751191926654, [0.6417910447761194,  12,  400.98351562890457,  316.8194632820814,  0] 
911004030, [0.6417910447761194,  12,  400.98351562890457,  316.8194632820814,  0] ,1,-14.382421128808346, [0.7014925373134329,  17,  404.5440056773077,  305.9975322016762,  5] 
911004030, [0.7014925373134329,  17,  404.5440056773077,  305.9975322016762,  5] ,1,-129.46479527938936, [0.835820895522388,  27,  514.330799843854,  286.3195310888332,  0] 
911457020, [0.04477611940298507,  0,  337.1537585337974,  366.14282676429866,  0] ,3,26.814331498739193, [0.11940298507462686,  2,  332.9404203423146,  335.1151570740767,  0] 
911457020, [0.11940298507462686,  2,  332.9404203423146,  335.1151570740767,  0] ,2,-17.749595204961224, [0.19402985074626866,  4,  332.60605141299675,  312.68171947627343,  1] 
911457020, [0.19402985074626866,  4,  332.60605141299675,  312.68171947627343,  1] ,1,-78.31314453323284, [0.2835820895522388,  5,  270.84608899309023,  369.0835654630464,  0] 
911457020, [0.2835820895522388,  5,  270.84608899309023,  369.0835654630464,  0] ,5,-17.679213171799347, [0.373134328358209,  8,  296.9821853990761,  412.8988750408316,  0] 
911457020, [0.373134328358209,  8,  296.9821853990761,  412.8988750408316,  0] ,5,56.03104009578237, [0.4626865671641791,  4,  287.45286311316886,  347.338512659142,  0] 
911457020, [0.4626865671641791,  4,  287.45286311316886,  347.338512659142,  0] ,3,32.30254028750278, [0.5522388059701493,  3,  338.62718748151383,  311.04407822304347,  0] 
911457020, [0.5522388059701493,  3,  338.62718748151383,  311.04407822304347,  0] ,1,-33.157764251307526, [0.6417910447761194,  5,  358.8512599829155,  298.1103864731376,  0] 
911457020, [0.6417910447761194,  5,  358.8512599829155,  298.1103864731376,  0] ,1,-6.666291522360552, [0.7014925373134329,  10,  345.09310311302033,  277.6859380808819,  1] 
911457020, [0.7014925373134329,  10,  345.09310311302033,  277.6859380808819,  1] ,1,-28.43419046438794, [0.835820895522388,  14,  265.396181396296,  361.2375368928224,  0] 
910579020, [0.04477611940298507,  1,  348.6555106267624,  357.48731613753625,  0] ,2,-11.691750918926118, [0.11940298507462686,  1,  335.5690601261085,  356.0926165558085,  1] 
910579020, [0.11940298507462686,  1,  335.5690601261085,  356.0926165558085,  1] ,3,14.59082462281367, [0.19402985074626866,  3,  382.02152692839445,  376.08879512150816,  0] 
910579020, [0.19402985074626866,  3,  382.02152692839445,  376.08879512150816,  0] ,2,-102.08090302683922, [0.2835820895522388,  4,  434.41260975326077,  326.39897491953525,  1] 
910579020, [0.2835820895522388,  4,  434.41260975326077,  326.39897491953525,  1] ,1,84.0068908747453, [0.373134328358209,  4,  381.1442019321694,  357.13745797318916,  0] 
910579020, [0.373134328358209,  4,  381.1442019321694,  357.13745797318916,  0] ,1,18.10322316347083, [0.4626865671641791,  1,  346.2680912835094,  352.1716120790188,  0] 
910579020, [0.4626865671641791,  1,  346.2680912835094,  352.1716120790188,  0] ,2,-13.618073626879777, [0.5522388059701493,  1,  335.7767791694023,  316.2551847470131,  0] 
910579020, [0.5522388059701493,  1,  335.7767791694023,  316.2551847470131,  0] ,1,-67.72029621416004, [0.6417910447761194,  5,  301.9214643234627,  389.16335496001193,  1] 
910579020, [0.6417910447761194,  5,  301.9214643234627,  389.16335496001193,  1] ,5,59.09902010915175, [0.7014925373134329,  7,  306.8320800928086,  334.9749506202061,  0] 
910579020, [0.7014925373134329,  7,  306.8320800928086,  334.9749506202061,  0] ,3,-57.61739570992722, [0.835820895522388,  16,  387.9760780136967,  302.215811776372,  2] 
911242020, [0.04477611940298507,  1,  439.11304984446906,  287.4786205043929,  0] ,0,35.67882862340048, [0.11940298507462686,  0,  416.85545510195516,  300.89985438527947,  0] 
911242020, [0.11940298507462686,  0,  416.85545510195516,  300.89985438527947,  0] ,0,77.36461536577553, [0.19402985074626866,  2,  366.6178404428247,  328.0268550919245,  0] 
911242020, [0.19402985074626866,  2,  366.6178404428247,  328.0268550919245,  0] ,1,-6.1486928152808105, [0.2835820895522388,  3,  345.26208155605127,  300.5224033898703,  1] 
911242020, [0.2835820895522388,  3,  345.26208155605127,  300.5224033898703,  1] ,1,-19.217016632810555, [0.373134328358209,  4,  376.54660126814997,  312.58990646915845,  0] 
911242020, [0.373134328358209,  4,  376.54660126814997,  312.58990646915845,  0] ,1,28.924116563634016, [0.4626865671641791,  3,  340.98788569337194,  305.95530745801443,  0] 
911242020, [0.4626865671641791,  3,  340.98788569337194,  305.95530745801443,  0] ,1,21.713156685145805, [0.5522388059701493,  5,  352.6004811584244,  339.2810596082127,  0] 
911242020, [0.5522388059701493,  5,  352.6004811584244,  339.2810596082127,  0] ,1,11.679613535379758, [0.6417910447761194,  7,  358.59173670199016,  356.9519286871582,  0] 
911242020, [0.6417910447761194,  7,  358.59173670199016,  356.9519286871582,  0] ,1,-20.795890361845522, [0.7014925373134329,  8,  303.53716478653223,  325.9728631632097,  2] 
911242020, [0.7014925373134329,  8,  303.53716478653223,  325.9728631632097,  2] ,3,-118.7082224276055, [0.835820895522388,  23,  245.70785665582298,  386.85177746010595,  0] 
910043020, [0.04477611940298507,  0,  300.9120209656867,  346.5665995387062,  0] ,3,36.89871930413938, [0.11940298507462686,  2,  334.8278568270798,  326.07199755819966,  0] 
910043020, [0.11940298507462686,  2,  334.8278568270798,  326.07199755819966,  0] ,2,-5.090508702356601, [0.19402985074626866,  4,  333.57901986950674,  347.4253878407435,  0] 
910043020, [0.19402985074626866,  4,  333.57901986950674,  347.4253878407435,  0] ,3,5.809202904398262, [0.2835820895522388,  5,  325.79904976411854,  317.76188469728004,  0] 
910043020, [0.2835820895522388,  5,  325.79904976411854,  317.76188469728004,  0] ,1,-49.38803229745463, [0.373134328358209,  5,  286.44053698696007,  343.8657343512532,  0] 
910043020, [0.373134328358209,  5,  286.44053698696007,  343.8657343512532,  0] ,3,52.07003626305959, [0.4626865671641791,  2,  334.1378692825747,  328.78270818134115,  1] 
910043020, [0.4626865671641791,  2,  334.1378692825747,  328.78270818134115,  1] ,2,-35.90269578376683, [0.5522388059701493,  4,  363.8250597021324,  322.56720281713206,  0] 
910043020, [0.5522388059701493,  4,  363.8250597021324,  322.56720281713206,  0] ,1,-4.975186037783715, [0.6417910447761194,  2,  334.38949816248714,  380.6225410852712,  0] 
910043020, [0.6417910447761194,  2,  334.38949816248714,  380.6225410852712,  0] ,3,45.98909425430611, [0.7014925373134329,  3,  356.170511745353,  356.41446041383097,  1] 
910043020, [0.7014925373134329,  3,  356.170511745353,  356.41446041383097,  1] ,1,-87.68416688756042, [0.835820895522388,  12,  385.87159916408564,  297.94348360804725,  0] 
911933020, [0.04477611940298507,  3,  332.92961488992296,  353.63698464878325,  0] ,3,18.11859051886131, [0.11940298507462686,  1,  339.3303883990993,  336.74160915910034,  0] 
911933020, [0.11940298507462686,  1,  339.3303883990993,  336.74160915910034,  0] ,2,-56.57990774856444, [0.19402985074626866,  1,  311.6358714215421,  370.8045584101055,  0] 
911933020, [0.19402985074626866,  1,  311.6358714215421,  370.8045584101055,  0] ,3,37.59265543602669, [0.2835820895522388,  3,  309.96932929593095,  331.5453608484677,  0] 
911933020, [0.2835820895522388,  3,  309.96932929593095,  331.5453608484677,  0] ,3,-13.883766529565037, [0.373134328358209,  2,  326.48521961720326,  361.945017699305,  0] 
911933020, [0.373134328358209,  2,  326.48521961720326,  361.945017699305,  0] ,3,19.62080313088154, [0.4626865671641791,  2,  327.1112029110518,  342.95019786227203,  0] 
911933020, [0.4626865671641791,  2,  327.1112029110518,  342.95019786227203,  0] ,3,14.120272142528847, [0.5522388059701493,  2,  350.682760994212,  352.4014838029034,  0] 
911933020, [0.5522388059701493,  2,  350.682760994212,  352.4014838029034,  0] ,2,-18.69913764802186, [0.6417910447761194,  3,  393.99508317174696,  373.5772227150337,  0] 
911933020, [0.6417910447761194,  3,  393.99508317174696,  373.5772227150337,  0] ,1,4.3899337237962754, [0.7014925373134329,  5,  391.55349240932264,  375.5255656764057,  1] 
911933020, [0.7014925373134329,  5,  391.55349240932264,  375.5255656764057,  1] ,1,10.6703949602379, [0.835820895522388,  11,  339.06569979836786,  333.7081680256888,  1] 
911386020, [0.04477611940298507,  1,  345.8276671648673,  347.80931748391595,  0] ,2,-34.807856584975525, [0.11940298507462686,  3,  361.76555803156225,  324.9760511275381,  0] 
911386020, [0.11940298507462686,  3,  361.76555803156225,  324.9760511275381,  0] ,1,-28.85293219803134, [0.19402985074626866,  1,  326.4101219643344,  392.0525610663899,  0] 
911386020, [0.19402985074626866,  1,  326.4101219643344,  392.0525610663899,  0] ,3,27.289052030115272, [0.2835820895522388,  1,  368.3810746685449,  330.02768759660466,  0] 
911386020, [0.2835820895522388,  1,  368.3810746685449,  330.02768759660466,  0] ,1,34.23808881838704, [0.373134328358209,  2,  347.7944806995147,  343.6791824459615,  0] 
911386020, [0.373134328358209,  2,  347.7944806995147,  343.6791824459615,  0] ,2,-59.53818732196305, [0.4626865671641791,  2,  380.51704197998333,  316.8635564044671,  0] 
911386020, [0.4626865671641791,  2,  380.51704197998333,  316.8635564044671,  0] ,1,-22.158415112695366, [0.5522388059701493,  3,  411.0718147849875,  325.2599140967759,  0] 
911386020, [0.5522388059701493,  3,  411.0718147849875,  325.2599140967759,  0] ,1,6.9319119015817705, [0.6417910447761194,  3,  402.64991188553904,  323.7699230989092,  0] 
911386020, [0.6417910447761194,  3,  402.64991188553904,  323.7699230989092,  0] ,1,-3.779923243353551, [0.7014925373134329,  5,  381.2130664060787,  298.55315437609534,  0] 
911386020, [0.7014925373134329,  5,  381.2130664060787,  298.55315437609534,  0] ,1,0.4948070088685199, [0.835820895522388,  5,  347.49096463074966,  265.3258596096348,  0] 
911972020, [0.04477611940298507,  0,  338.779328959361,  359.02998852455494,  0] ,3,-7.794951719050005, [0.11940298507462686,  0,  327.4540491071675,  355.49966039141145,  0] 
911972020, [0.11940298507462686,  0,  327.4540491071675,  355.49966039141145,  0] ,3,24.671109410366626, [0.19402985074626866,  0,  381.23748295511905,  384.61198482899636,  0] 
911972020, [0.19402985074626866,  0,  381.23748295511905,  384.61198482899636,  0] ,2,-80.59311122694635, [0.2835820895522388,  2,  333.0406859519244,  417.00829905274804,  1] 
911972020, [0.2835820895522388,  2,  333.0406859519244,  417.00829905274804,  1] ,3,4.09825547323635, [0.373134328358209,  4,  347.89245011194726,  427.76180773953456,  0] 
911972020, [0.373134328358209,  4,  347.89245011194726,  427.76180773953456,  0] ,3,27.75275851182232, [0.4626865671641791,  5,  365.62723272357835,  417.74383183934333,  0] 
911972020, [0.4626865671641791,  5,  365.62723272357835,  417.74383183934333,  0] ,3,-24.56723020868958, [0.5522388059701493,  5,  356.0648147704269,  432.74864409488146,  0] 
911972020, [0.5522388059701493,  5,  356.0648147704269,  432.74864409488146,  0] ,3,55.33644569810349, [0.6417910447761194,  8,  329.95107342243864,  351.2984570487897,  0] 
911972020, [0.6417910447761194,  8,  329.95107342243864,  351.2984570487897,  0] ,3,9.733393119415268, [0.7014925373134329,  6,  335.36910844283557,  323.75511793589976,  0] 
911972020, [0.7014925373134329,  6,  335.36910844283557,  323.75511793589976,  0] ,1,-174.71346310264198, [0.835820895522388,  5,  203.97808895525668,  390.30554256483447,  0] 
911318020, [0.04477611940298507,  2,  406.24502686320557,  266.9455197307325,  0] ,0,-37.382387988276605, [0.11940298507462686,  3,  420.4308607123421,  243.74896559159242,  0] 
911318020, [0.11940298507462686,  3,  420.4308607123421,  243.74896559159242,  0] ,1,12.485472296812077, [0.19402985074626866,  4,  424.48878085895194,  260.29235803501433,  0] 
911318020, [0.19402985074626866,  4,  424.48878085895194,  260.29235803501433,  0] ,1,-82.95669030691352, [0.2835820895522388,  4,  459.3885266068719,  212.23541347602077,  0] 
911318020, [0.2835820895522388,  4,  459.3885266068719,  212.23541347602077,  0] ,1,-57.778873866584036, [0.373134328358209,  2,  487.3623834317041,  182.4303964342689,  0] 
911318020, [0.373134328358209,  2,  487.3623834317041,  182.4303964342689,  0] ,1,36.22403620374098, [0.4626865671641791,  4,  473.5672284127613,  204.85927761906714,  0] 
911318020, [0.4626865671641791,  4,  473.5672284127613,  204.85927761906714,  0] ,1,76.22659756078428, [0.5522388059701493,  2,  391.36583398134826,  198.88448074843836,  0] 
911318020, [0.5522388059701493,  2,  391.36583398134826,  198.88448074843836,  0] ,0,123.17682291381425, [0.6417910447761194,  2,  320.20519641719875,  250.9006660981031,  0] 
911318020, [0.6417910447761194,  2,  320.20519641719875,  250.9006660981031,  0] ,1,0.5060467373550637, [0.7014925373134329,  3,  321.0443979522461,  252.2459143705055,  0] 
911318020, [0.7014925373134329,  3,  321.0443979522461,  252.2459143705055,  0] ,1,1.4121311256094486, [0.835820895522388,  5,  364.71983313115925,  297.3334806750281,  1] 
911953020, [0.04477611940298507,  1,  271.4466929050359,  355.4988268256966,  0] ,3,8.22006421694823, [0.11940298507462686,  1,  263.95844794394,  339.79051764765245,  0] 
911953020, [0.11940298507462686,  1,  263.95844794394,  339.79051764765245,  0] ,3,-85.85099834258654, [0.19402985074626866,  1,  224.1531429917668,  385.8362110380658,  1] 
911953020, [0.19402985074626866,  1,  224.1531429917668,  385.8362110380658,  1] ,5,-9.780889564655808, [0.2835820895522388,  2,  200.21849419775026,  371.6824518087051,  0] 
911953020, [0.2835820895522388,  2,  200.21849419775026,  371.6824518087051,  0] ,5,53.0666843368017, [0.373134328358209,  2,  209.36992217641819,  327.7671954505713,  0] 
911953020, [0.373134328358209,  2,  209.36992217641819,  327.7671954505713,  0] ,5,-17.121587352117785, [0.4626865671641791,  2,  183.25425615953282,  318.7731167858037,  0] 
911953020, [0.4626865671641791,  2,  183.25425615953282,  318.7731167858037,  0] ,5,-3.8191484140588727, [0.5522388059701493,  2,  194.59492428611338,  333.93293332644316,  0] 
911953020, [0.5522388059701493,  2,  194.59492428611338,  333.93293332644316,  0] ,5,80.48001829081477, [0.6417910447761194,  1,  235.4187419009395,  294.2767326504545,  0] 
911953020, [0.6417910447761194,  1,  235.4187419009395,  294.2767326504545,  0] ,3,53.426891365459596, [0.7014925373134329,  1,  276.2937662190743,  281.72486560312973,  0] 
911953020, [0.7014925373134329,  1,  276.2937662190743,  281.72486560312973,  0] ,2,-7.961169717404118, [0.835820895522388,  1,  290.6559525999983,  304.0482217014578,  1] 
911414030, [0.04477611940298507,  0,  380.75798022089657,  314.7408466048,  0] ,0,60.4312599009063, [0.11940298507462686,  0,  342.68819568142135,  337.1023219662311,  0] 
911414030, [0.11940298507462686,  0,  342.68819568142135,  337.1023219662311,  0] ,2,-15.322742598167679, [0.19402985074626866,  1,  362.037834430339,  341.12921811698106,  0] 
911414030, [0.19402985074626866,  1,  362.037834430339,  341.12921811698106,  0] ,1,-18.24516210866568, [0.2835820895522388,  1,  359.1057479200572,  319.9519694980336,  0] 
911414030, [0.2835820895522388,  1,  359.1057479200572,  319.9519694980336,  0] ,1,-11.120337977488816, [0.373134328358209,  0,  302.6946126057992,  352.9687290053116,  0] 
911414030, [0.373134328358209,  0,  302.6946126057992,  352.9687290053116,  0] ,3,17.642634798387007, [0.4626865671641791,  1,  340.0612812203217,  307.4297996191963,  0] 
911414030, [0.4626865671641791,  1,  340.0612812203217,  307.4297996191963,  0] ,1,-12.960410078430868, [0.5522388059701493,  3,  287.36429480733204,  332.9561864868883,  0] 
911414030, [0.5522388059701493,  3,  287.36429480733204,  332.9561864868883,  0] ,3,8.2106916118355, [0.6417910447761194,  2,  307.28464590534713,  344.6658459730679,  0] 
911414030, [0.6417910447761194,  2,  307.28464590534713,  344.6658459730679,  0] ,3,14.107615038847143, [0.7014925373134329,  2,  301.19905998250033,  324.47264501137397,  1] 
911414030, [0.7014925373134329,  2,  301.19905998250033,  324.47264501137397,  1] ,3,-93.39700689731399, [0.835820895522388,  5,  331.81223220424,  215.14164027805236,  0] 
910506020, [0.04477611940298507,  2,  349.37748632959483,  325.3633602752052,  0] ,1,-31.919047578019672, [0.11940298507462686,  4,  371.5177477993202,  315.5845741669109,  0] 
910506020, [0.11940298507462686,  4,  371.5177477993202,  315.5845741669109,  0] ,1,8.266354753079213, [0.19402985074626866,  2,  361.50430552110265,  313.83748664177256,  1] 
910506020, [0.19402985074626866,  2,  361.50430552110265,  313.83748664177256,  1] ,1,-19.21578406556364, [0.2835820895522388,  3,  374.59070684706603,  307.7081039021723,  0] 
910506020, [0.2835820895522388,  3,  374.59070684706603,  307.7081039021723,  0] ,1,57.95593570311394, [0.373134328358209,  2,  348.9773778213057,  340.0507105795259,  0] 
910506020, [0.373134328358209,  2,  348.9773778213057,  340.0507105795259,  0] ,2,-21.592767529371486, [0.4626865671641791,  0,  323.4482953102488,  353.9677300814001,  0] 
910506020, [0.4626865671641791,  0,  323.4482953102488,  353.9677300814001,  0] ,3,19.88586898473295, [0.5522388059701493,  2,  340.1671444469248,  350.8007102333431,  0] 
910506020, [0.5522388059701493,  2,  340.1671444469248,  350.8007102333431,  0] ,2,-1.1259125209398917, [0.6417910447761194,  4,  330.9708430526516,  342.73032136000984,  0] 
910506020, [0.6417910447761194,  4,  330.9708430526516,  342.73032136000984,  0] ,2,2.0107274254769436, [0.7014925373134329,  4,  323.4365993008614,  333.1853501827427,  0] 
910506020, [0.7014925373134329,  4,  323.4365993008614,  333.1853501827427,  0] ,2,-65.79361851842987, [0.835820895522388,  2,  205.0792070686366,  280.62157646894775,  0] 
911267020, [0.04477611940298507,  0,  318.40000704805425,  366.96335322715095,  0] ,3,29.301903296716773, [0.11940298507462686,  0,  321.0719677401685,  340.3334106225484,  0] 
911267020, [0.11940298507462686,  0,  321.0719677401685,  340.3334106225484,  0] ,3,2.0401089449296705, [0.19402985074626866,  2,  351.6658093509395,  334.4444754134893,  0] 
911267020, [0.19402985074626866,  2,  351.6658093509395,  334.4444754134893,  0] ,1,-3.3856378487107577, [0.2835820895522388,  2,  314.77060678981434,  335.37757857597535,  1] 
911267020, [0.2835820895522388,  2,  314.77060678981434,  335.37757857597535,  1] ,3,-73.16683829510293, [0.373134328358209,  2,  371.0735470837826,  277.29973700251867,  0] 
911267020, [0.373134328358209,  2,  371.0735470837826,  277.29973700251867,  0] ,1,36.22757849826303, [0.4626865671641791,  2,  354.92749078257475,  297.38125919957383,  0] 
911267020, [0.4626865671641791,  2,  354.92749078257475,  297.38125919957383,  0] ,1,45.215604277167586, [0.5522388059701493,  2,  346.14028383122786,  333.80965652539453,  0] 
911267020, [0.5522388059701493,  2,  346.14028383122786,  333.80965652539453,  0] ,2,-1.5593598467530683, [0.6417910447761194,  2,  334.34758480227174,  320.45759764968534,  0] 
911267020, [0.6417910447761194,  2,  334.34758480227174,  320.45759764968534,  0] ,1,-49.57253782252519, [0.7014925373134329,  3,  336.8418861816681,  273.3793612065565,  0] 
911267020, [0.7014925373134329,  3,  336.8418861816681,  273.3793612065565,  0] ,1,0,[]
911880020, [0.04477611940298507,  0,  348.010698728478,  342.76813068914635,  0] ,2,-4.621394496833091, [0.11940298507462686,  1,  343.84922770489356,  333.9852651687288,  0] 
911880020, [0.11940298507462686,  1,  343.84922770489356,  333.9852651687288,  0] ,2,-17.509612027628464, [0.19402985074626866,  2,  324.1250371184906,  351.4986116822838,  0] 
911880020, [0.19402985074626866,  2,  324.1250371184906,  351.4986116822838,  0] ,3,-47.58155417838498, [0.2835820895522388,  2,  299.35901254347846,  374.31414128565666,  0] 
911880020, [0.2835820895522388,  2,  299.35901254347846,  374.31414128565666,  0] ,3,-12.538155994188855, [0.373134328358209,  1,  282.6370737111574,  370.1303584475245,  0] 
911880020, [0.373134328358209,  1,  282.6370737111574,  370.1303584475245,  0] ,3,72.061411916402, [0.4626865671641791,  3,  342.2324942513951,  326.80062143143005,  0] 
911880020, [0.4626865671641791,  3,  342.2324942513951,  326.80062143143005,  0] ,1,5.194788581073226, [0.5522388059701493,  1,  315.150540335555,  325.3876245744468,  1] 
911880020, [0.5522388059701493,  1,  315.150540335555,  325.3876245744468,  1] ,2,-2.509241581057722, [0.6417910447761194,  2,  333.181615939262,  345.92794175921154,  0] 
911880020, [0.6417910447761194,  2,  333.181615939262,  345.92794175921154,  0] ,2,-67.58739761086326, [0.7014925373134329,  2,  275.3277174989562,  355.661440929769,  0] 
911880020, [0.7014925373134329,  2,  275.3277174989562,  355.661440929769,  0] ,3,0,[]
911370020, [0.04477611940298507,  0,  333.4055611383628,  359.36256955078716,  0] ,3,-17.864126009168103, [0.11940298507462686,  0,  363.90319979516426,  320.0820653735718,  0] 
911370020, [0.11940298507462686,  0,  363.90319979516426,  320.0820653735718,  0] ,1,-8.18117464194438, [0.19402985074626866,  0,  355.68238067574566,  407.6846897392825,  0] 
911370020, [0.19402985074626866,  0,  355.68238067574566,  407.6846897392825,  0] ,3,24.269973497153842, [0.2835820895522388,  0,  354.43125611946016,  382.16359168584313,  0] 
911370020, [0.2835820895522388,  0,  354.43125611946016,  382.16359168584313,  0] ,3,-36.37950616263697, [0.373134328358209,  0,  383.24880474268866,  319.1369630136687,  0] 
911370020, [0.373134328358209,  0,  383.24880474268866,  319.1369630136687,  0] ,0,62.399480694919475, [0.4626865671641791,  0,  328.76573576451483,  330.4780967986153,  0] 
911370020, [0.4626865671641791,  0,  328.76573576451483,  330.4780967986153,  0] ,2,-13.966442229146196, [0.5522388059701493,  1,  360.23858264931914,  344.5597793860725,  0] 
911370020, [0.5522388059701493,  1,  360.23858264931914,  344.5597793860725,  0] ,1,6.756559541914612, [0.6417910447761194,  1,  344.4521239685564,  353.37436768988846,  0] 
911370020, [0.6417910447761194,  1,  344.4521239685564,  353.37436768988846,  0] ,2,0,[]
911905030, [0.04477611940298507,  3,  427.79995384034555,  271.5626157104416,  0] ,1,51.27810720125126, [0.11940298507462686,  3,  392.52064815111225,  287.56141722245957,  0] 
911905030, [0.11940298507462686,  3,  392.52064815111225,  287.56141722245957,  0] ,1,44.673139481608814, [0.19402985074626866,  2,  363.8618207490508,  303.57572930200695,  0] 
911905030, [0.19402985074626866,  2,  363.8618207490508,  303.57572930200695,  0] ,1,56.2349975326797, [0.2835820895522388,  2,  342.2554093088329,  338.2043153944687,  0] 
911905030, [0.2835820895522388,  2,  342.2554093088329,  338.2043153944687,  0] ,2,-47.646678929515474, [0.373134328358209,  1,  318.4310210666081,  370.12879391048773,  0] 
911905030, [0.373134328358209,  1,  318.4310210666081,  370.12879391048773,  0] ,3,48.23358855138213, [0.4626865671641791,  2,  361.26296019176516,  357.79877589926764,  0] 
911905030, [0.4626865671641791,  2,  361.26296019176516,  357.79877589926764,  0] ,2,0,[]
911217020, [0.04477611940298507,  2,  269.8846873062794,  361.67792840416223,  0] ,3,25.513257743179565, [0.11940298507462686,  2,  290.64071693387814,  356.92070028858143,  0] 
911217020, [0.11940298507462686,  2,  290.64071693387814,  356.92070028858143,  0] ,3,-8.55562752475089, [0.19402985074626866,  2,  313.5090732039753,  388.34468408342946,  0] 
911217020, [0.19402985074626866,  2,  313.5090732039753,  388.34468408342946,  0] ,3,63.20397888381558, [0.2835820895522388,  2,  364.91238226393034,  353.28075026829174,  0] 
911217020, [0.2835820895522388,  2,  364.91238226393034,  353.28075026829174,  0] ,2,-40.2083075551127, [0.373134328358209,  4,  368.3427966313757,  420.182736182127,  0] 
911217020, [0.373134328358209,  4,  368.3427966313757,  420.182736182127,  0] ,3,0,[]
911290020, [0.04477611940298507,  1,  396.5237887208641,  305.1541396832981,  0] ,0,-17.96345167299296, [0.11940298507462686,  1,  400.2894004995687,  290.9562997890098,  0] 
911290020, [0.11940298507462686,  1,  400.2894004995687,  290.9562997890098,  0] ,0,-22.976417518264498, [0.19402985074626866,  1,  427.63652200319484,  295.3270037743714,  0] 
911290020, [0.19402985074626866,  1,  427.63652200319484,  295.3270037743714,  0] ,0,3.5041178864848916, [0.2835820895522388,  2,  421.124255994735,  292.31885565239645,  1] 
911290020, [0.2835820895522388,  2,  421.124255994735,  292.31885565239645,  1] ,1,0,[]
911303020, [0.04477611940298507,  3,  334.7053678024022,  376.1237718808916,  0] ,3,30.77416283740604, [0.11940298507462686,  3,  351.00384194361686,  340.3596007025335,  0] 
911303020, [0.11940298507462686,  3,  351.00384194361686,  340.3596007025335,  0] ,2,-0.23149843727151165, [0.19402985074626866,  1,  326.08602826650895,  315.21028858815407,  0] 
911303020, [0.19402985074626866,  1,  326.08602826650895,  315.21028858815407,  0] ,2,0,[]
911455020, [0.04477611940298507,  2,  356.1854686807201,  359.9383032001715,  0] ,2,3.718630909563217, [0.11940298507462686,  2,  345.16269854632264,  345.19690215621085,  0] 
911455020, [0.11940298507462686,  2,  345.16269854632264,  345.19690215621085,  0] ,2,0,[]
