orig_pax,arr_time,board_time,wait_time,trip_id,denied
0,4:57:23,5:05:00,0:07:37,911900030,0
0,5:03:09,5:05:00,0:01:51,911900030,0
12,5:09:43,5:11:31,0:01:48,911900030,0
2,5:02:08,5:06:29,0:04:21,911900030,0
4,5:03:40,5:07:20,0:03:39,911900030,0
16,5:05:40,5:14:17,0:08:37,911900030,0
14,5:04:34,5:13:19,0:08:45,911900030,0
18,5:08:34,5:15:42,0:07:08,911900030,0
27,5:11:26,5:21:20,0:09:54,911900030,0
21,5:07:19,5:16:51,0:09:33,911900030,0
0,5:07:16,5:22:00,0:14:44,911285020,0
2,5:11:56,5:23:39,0:11:43,911285020,0
2,5:21:01,5:23:39,0:02:39,911285020,0
1,5:10:17,5:23:21,0:13:04,911285020,0
21,5:08:11,5:16:51,0:08:40,911900030,0
0,5:08:41,5:22:00,0:13:19,911285020,0
0,5:15:44,5:22:00,0:06:16,911285020,0
10,5:26:25,5:27:21,0:00:56,911285020,0
0,5:11:33,5:22:00,0:10:27,911285020,0
16,5:14:34,5:31:54,0:17:20,911285020,0
4,5:16:08,5:24:37,0:08:28,911285020,0
10,5:19:05,5:27:21,0:08:16,911285020,0
11,5:26:04,5:28:00,0:01:56,911285020,0
16,5:21:47,5:31:54,0:10:08,911285020,0
16,5:29:50,5:31:54,0:02:04,911285020,0
12,5:12:24,5:28:49,0:16:25,911285020,0
12,5:23:02,5:28:49,0:05:47,911285020,0
0,5:36:08,5:37:00,0:00:52,911000030,0
7,5:13:38,5:25:55,0:12:17,911285020,0
5,5:30:23,5:39:18,0:08:55,911000030,0
9,5:28:33,5:41:28,0:12:55,911000030,0
39,5:19:12,5:29:05,0:09:53,911900030,0
5,5:30:02,5:39:18,0:09:16,911000030,0
12,5:23:56,5:28:49,0:04:53,911285020,0
10,5:33:08,5:42:08,0:09:00,911000030,0
12,5:23:39,5:28:49,0:05:10,911285020,0
12,5:25:47,5:28:49,0:03:02,911285020,0
39,5:36:12,5:45:11,0:08:58,911285020,0
29,5:12:05,5:22:37,0:10:32,911900030,0
10,5:25:38,5:27:21,0:01:44,911285020,0
13,5:35:10,5:44:40,0:09:30,911000030,0
20,5:34:21,5:48:42,0:14:21,911000030,0
0,5:38:57,5:50:00,0:11:03,911240020,0
18,5:38:56,5:47:35,0:08:38,911000030,0
5,5:28:16,5:39:18,0:11:02,911000030,0
13,5:33:18,5:44:40,0:11:22,911000030,0
13,5:36:15,5:44:40,0:08:26,911000030,0
5,5:36:22,5:39:18,0:02:56,911000030,0
28,5:41:03,5:53:33,0:12:30,911000030,0
11,5:22:28,5:28:00,0:05:32,911285020,0
9,5:27:03,5:41:28,0:14:26,911000030,0
30,5:51:11,5:54:48,0:03:37,911000030,0
7,5:44:39,5:52:21,0:07:42,911240020,0
7,5:48:43,5:52:21,0:03:38,911240020,0
0,5:48:56,5:50:00,0:01:04,911240020,0
5,5:47:46,5:51:45,0:03:58,911240020,0
11,5:44:11,5:55:27,0:11:16,911240020,0
5,5:47:39,5:51:45,0:04:06,911240020,0
23,5:53:18,6:03:28,0:10:10,911240020,0
23,5:59:44,6:03:28,0:03:44,911240020,0
26,6:02:57,6:06:05,0:03:08,911240020,0
26,6:04:51,6:06:05,0:01:14,911240020,0
28,6:00:25,6:06:55,0:06:30,911240020,0
23,5:59:50,6:03:28,0:03:38,911240020,0
24,6:04:28,6:04:36,0:00:08,911240020,0
26,6:03:38,6:06:05,0:02:27,911240020,0
5,5:57:57,6:01:44,0:03:47,911381020,0
10,5:57:14,6:04:15,0:07:01,911381020,0
12,5:57:30,6:06:13,0:08:42,911381020,0
13,6:06:27,6:07:07,0:00:40,911381020,0
5,5:58:03,6:01:44,0:03:41,911381020,0
12,6:00:38,6:06:13,0:05:34,911381020,0
12,6:00:42,6:06:13,0:05:31,911381020,0
52,6:02:39,6:07:48,0:05:09,911000030,0
7,5:46:06,5:52:21,0:06:15,911240020,0
12,5:49:21,5:56:11,0:06:50,911240020,0
26,6:04:12,6:06:05,0:01:53,911240020,0
23,6:05:05,6:13:23,0:08:17,911381020,0
0,5:26:12,5:37:00,0:10:48,911000030,0
38,5:46:20,5:59:23,0:13:03,911000030,0
38,5:54:28,5:59:23,0:04:55,911000030,0
48,6:03:04,6:04:12,0:01:08,911000030,0
0,6:03:45,6:10:00,0:06:15,911316020,0
0,6:08:44,6:10:00,0:01:16,911316020,0
1,6:07:20,6:10:34,0:03:15,911316020,0
5,6:08:45,6:12:51,0:04:05,911316020,0
5,6:10:47,6:12:51,0:02:04,911316020,0
5,6:12:29,6:12:51,0:00:22,911316020,0
5,6:01:14,6:01:44,0:00:30,911381020,0
16,6:08:36,6:08:45,0:00:09,911381020,0
18,6:05:09,6:09:56,0:04:47,911381020,0
40,5:53:05,6:00:29,0:07:24,911000030,0
50,6:04:18,6:06:14,0:01:56,911000030,0
56,6:11:24,6:12:55,0:01:31,911000030,0
40,6:13:29,6:14:39,0:01:10,911240020,0
12,6:05:57,6:06:13,0:00:15,911381020,0
39,6:03:12,6:13:45,0:10:33,911240020,0
38,5:47:57,5:59:23,0:11:27,911000030,0
56,6:08:55,6:12:55,0:04:00,911000030,0
56,6:10:52,6:12:55,0:02:03,911000030,0
0,5:54:04,6:00:00,0:05:56,911381020,0
7,5:56:10,6:02:25,0:06:15,911381020,0
12,6:03:28,6:06:13,0:02:44,911381020,0
14,6:01:00,6:07:45,0:06:46,911381020,0
15,6:03:03,6:08:15,0:05:12,911381020,0
18,6:09:52,6:09:56,0:00:04,911381020,0
32,6:00:27,6:09:55,0:09:28,911240020,0
47,6:00:03,6:03:22,0:03:19,911000030,0
56,6:08:34,6:12:55,0:04:21,911000030,0
59,6:00:23,6:16:17,0:15:54,911000030,0
23,6:12:16,6:13:23,0:01:06,911381020,0
28,6:07:27,6:16:33,0:09:05,911381020,0
28,6:09:17,6:16:33,0:07:16,911381020,0
5,6:06:01,6:12:51,0:06:50,911316020,0
13,6:12:57,6:18:37,0:05:40,911316020,0
10,6:05:42,6:15:22,0:09:40,911316020,0
10,6:09:08,6:15:22,0:06:14,911316020,0
0,6:08:13,6:10:00,0:01:47,911316020,0
5,6:12:34,6:12:51,0:00:16,911316020,0
13,6:18:32,6:18:37,0:00:05,911316020,0
0,6:17:36,6:19:30,0:01:54,911411030,0
21,6:10:48,6:11:20,0:00:32,911381020,0
0,6:05:52,6:10:00,0:04:08,911316020,0
12,6:15:20,6:17:02,0:01:42,911316020,0
13,6:10:37,6:18:37,0:08:00,911316020,0
13,6:12:35,6:18:37,0:06:02,911316020,0
13,6:16:37,6:18:37,0:01:59,911316020,0
32,6:17:38,6:19:18,0:01:40,911381020,0
37,6:13:52,6:22:52,0:09:00,911381020,0
5,6:15:17,6:22:51,0:07:34,911411030,0
12,6:00:21,6:06:13,0:05:52,911381020,0
51,6:11:46,6:21:53,0:10:07,911240020,0
0,6:10:20,6:19:30,0:09:10,911411030,0
0,6:11:10,6:19:30,0:08:20,911411030,0
5,6:16:04,6:22:51,0:06:47,911411030,0
1,6:09:42,6:10:34,0:00:52,911316020,0
60,6:04:32,6:18:00,0:13:28,911000030,0
5,6:17:23,6:22:51,0:05:28,911411030,0
17,5:50:32,5:59:50,0:09:18,911240020,0
46,6:05:08,6:18:00,0:12:52,911240020,0
46,6:06:47,6:18:00,0:11:13,911240020,0
46,6:07:45,6:18:00,0:10:15,911240020,0
46,6:17:12,6:18:00,0:00:48,911240020,0
12,6:02:23,6:06:13,0:03:49,911381020,0
2,6:02:24,6:11:10,0:08:46,911316020,0
2,6:08:10,6:11:10,0:03:00,911316020,0
2,6:09:40,6:11:10,0:01:30,911316020,0
4,6:07:42,6:12:06,0:04:25,911316020,0
5,6:02:28,6:12:51,0:10:23,911316020,0
11,6:07:50,6:15:59,0:08:09,911316020,0
16,6:12:39,6:20:36,0:07:57,911316020,0
17,6:16:27,6:21:22,0:04:56,911316020,0
5,6:09:21,6:12:51,0:03:29,911316020,0
10,6:09:03,6:15:22,0:06:19,911316020,0
12,6:08:15,6:17:02,0:08:47,911316020,0
13,6:07:28,6:18:37,0:11:09,911316020,0
13,6:13:52,6:18:37,0:04:45,911316020,0
5,5:41:09,5:51:45,0:10:36,911240020,0
37,6:03:44,6:12:11,0:08:27,911240020,0
38,6:11:05,6:13:08,0:02:03,911240020,0
49,6:08:29,6:20:01,0:11:32,911240020,0
49,6:13:38,6:20:01,0:06:23,911240020,0
40,6:07:36,6:14:39,0:07:03,911240020,0
47,6:04:32,6:18:41,0:14:09,911240020,0
51,6:16:21,6:21:53,0:05:32,911240020,0
2,6:04:18,6:11:10,0:06:52,911316020,0
24,6:25:05,6:25:51,0:00:47,911316020,0
56,6:17:17,6:26:39,0:09:22,911240020,0
58,6:25:59,6:29:25,0:03:26,911240020,0
10,6:16:17,6:25:28,0:09:12,911411030,0
10,6:22:24,6:25:28,0:03:04,911411030,0
10,6:24:44,6:25:28,0:00:44,911411030,0
56,6:14:27,6:26:39,0:12:12,911240020,0
56,6:19:24,6:26:39,0:07:15,911240020,0
59,6:21:15,6:30:08,0:08:53,911240020,0
59,6:21:59,6:30:08,0:08:09,911240020,0
13,6:06:03,6:07:07,0:01:04,911381020,0
26,6:09:13,6:15:28,0:06:14,911381020,0
9,6:09:23,6:14:39,0:05:17,911316020,0
1,6:20:29,6:29:17,0:08:48,910504020,0
5,6:29:42,6:31:19,0:01:37,910504020,0
50,6:26:47,6:32:30,0:05:43,911381020,0
0,6:10:51,6:19:30,0:08:39,911411030,0
7,6:09:14,6:13:46,0:04:32,911316020,0
10,6:12:18,6:15:22,0:03:04,911316020,0
26,6:27:01,6:27:02,0:00:01,911316020,0
32,6:29:53,6:30:33,0:00:40,911316020,0
37,6:32:34,6:33:37,0:01:04,911316020,0
48,6:30:18,6:30:32,0:00:14,911381020,0
18,6:13:15,6:31:53,0:18:39,911411030,1
0,6:00:27,6:10:00,0:09:33,911316020,0
12,6:13:06,6:17:02,0:03:56,911316020,0
53,6:31:53,6:35:16,0:03:23,911381020,0
0,6:13:31,6:19:30,0:05:59,911411030,0
3,6:13:02,6:21:42,0:08:41,911411030,0
4,6:17:38,6:22:16,0:04:38,911411030,0
9,6:16:21,6:24:44,0:08:23,911411030,0
9,6:18:34,6:24:44,0:06:10,911411030,0
18,6:29:20,6:31:53,0:02:33,911411030,0
7,6:18:55,6:23:37,0:04:42,911411030,0
12,6:17:42,6:27:34,0:09:52,911411030,0
13,6:26:38,6:28:44,0:02:05,911411030,0
14,6:24:23,6:29:17,0:04:55,911411030,0
18,6:23:26,6:31:53,0:08:27,911411030,0
26,6:30:40,6:37:35,0:06:55,911411030,0
12,6:15:38,6:17:02,0:01:23,911316020,0
37,6:18:58,6:22:52,0:03:54,911381020,0
47,6:22:25,6:29:16,0:06:51,911381020,0
49,6:26:07,6:31:33,0:05:27,911381020,0
5,6:32:07,6:38:00,0:05:54,911263020,0
0,6:23:21,6:28:30,0:05:09,910504020,0
7,6:30:23,6:31:57,0:01:35,910504020,0
7,6:30:36,6:31:57,0:01:21,910504020,0
13,6:34:47,6:37:34,0:02:47,910504020,0
7,6:15:18,6:23:37,0:08:19,911411030,0
9,6:37:29,6:40:03,0:02:34,911263020,0
12,6:04:28,6:06:13,0:01:44,911381020,0
38,6:17:55,6:23:45,0:05:50,911381020,0
38,6:18:03,6:23:45,0:05:43,911381020,0
38,6:20:07,6:23:45,0:03:38,911381020,0
48,6:27:12,6:30:32,0:03:20,911381020,0
5,6:24:09,6:31:19,0:07:10,910504020,0
1,6:30:37,6:36:08,0:05:31,911263020,0
9,6:01:48,6:03:23,0:01:34,911381020,0
41,6:21:53,6:25:41,0:03:48,911381020,0
40,6:30:10,6:35:26,0:05:17,911316020,0
0,6:23:19,6:28:30,0:05:11,910504020,0
9,6:31:54,6:32:49,0:00:55,910504020,0
11,6:32:11,6:34:25,0:02:14,910504020,0
12,6:34:31,6:35:17,0:00:46,910504020,0
13,6:36:51,6:37:34,0:00:43,910504020,0
16,6:38:26,6:39:16,0:00:50,910504020,0
2,6:32:01,6:36:29,0:04:28,911263020,0
36,6:12:00,6:22:03,0:10:03,911381020,0
46,6:24:23,6:28:49,0:04:26,911381020,0
49,6:25:50,6:31:33,0:05:43,911381020,0
50,6:29:26,6:32:30,0:03:05,911381020,0
4,6:18:25,6:22:16,0:03:51,911411030,0
12,6:21:57,6:27:34,0:05:37,911411030,0
1,6:30:30,6:36:08,0:05:37,911263020,0
10,6:34:15,6:40:50,0:06:35,911263020,0
13,6:30:48,6:37:34,0:06:46,910504020,0
17,6:36:51,6:39:48,0:02:57,910504020,0
17,6:38:14,6:39:48,0:01:34,910504020,0
50,6:23:27,6:32:30,0:09:03,911381020,0
56,6:37:25,6:38:57,0:01:33,911381020,0
59,6:35:48,6:43:10,0:07:22,911381020,0
26,6:26:20,6:27:02,0:00:42,911316020,0
10,6:19:08,6:25:28,0:06:21,911411030,0
12,6:27:37,6:27:37,0:00:00,911411030,0
32,6:36:16,6:41:49,0:05:33,911411030,0
7,6:27:15,6:31:57,0:04:42,910504020,0
16,6:35:28,6:39:16,0:03:47,910504020,0
0,6:39:21,6:42:00,0:02:39,911878020,0
12,6:20:30,6:27:34,0:07:05,911411030,0
36,6:33:34,6:43:23,0:09:48,911411030,0
0,6:31:33,6:35:30,0:03:57,911263020,0
5,6:33:14,6:38:00,0:04:46,911263020,0
5,6:34:41,6:38:00,0:03:19,911263020,0
7,6:36:58,6:38:51,0:01:52,911263020,0
7,6:26:08,6:31:57,0:05:49,910504020,0
12,6:31:38,6:35:17,0:03:39,910504020,0
18,6:35:28,6:40:29,0:05:01,910504020,0
21,6:41:20,6:42:17,0:00:57,910504020,0
39,6:35:20,6:45:49,0:10:28,911411030,0
17,6:27:46,6:31:19,0:03:33,911411030,0
28,6:46:41,6:46:55,0:00:14,910504020,0
3,6:35:17,6:36:56,0:01:39,911263020,0
5,6:40:46,6:45:55,0:05:09,911878020,0
45,6:34:20,6:38:34,0:04:13,911316020,0
49,6:32:24,6:41:13,0:08:49,911316020,0
49,6:38:38,6:41:13,0:02:36,911316020,0
2,6:17:22,6:20:44,0:03:22,911411030,0
2,6:20:03,6:20:44,0:00:41,911411030,0
45,6:45:51,6:49:18,0:03:27,911411030,0
9,6:28:59,6:32:49,0:03:50,910504020,0
17,6:32:35,6:39:48,0:07:13,910504020,0
28,6:23:58,6:46:55,0:22:57,910504020,1
28,6:46:06,6:46:55,0:00:48,910504020,0
5,6:05:31,6:12:51,0:07:20,911316020,0
38,6:24:14,6:34:08,0:09:53,911316020,0
46,6:38:26,6:39:20,0:00:54,911316020,0
50,6:34:18,6:42:09,0:07:51,911316020,0
50,6:37:19,6:42:09,0:04:50,911316020,0
50,6:38:52,6:42:09,0:03:17,911316020,0
4,6:43:17,6:44:41,0:01:24,911878020,0
5,6:38:23,6:45:55,0:07:33,911878020,0
10,6:43:44,6:48:26,0:04:42,911878020,0
45,6:34:38,6:38:34,0:03:55,911316020,0
51,6:40:06,6:43:17,0:03:11,911316020,0
56,6:48:48,6:50:02,0:01:14,911316020,0
11,6:35:48,6:41:40,0:05:52,911263020,0
16,6:42:45,6:45:01,0:02:16,911263020,0
16,6:43:55,6:45:01,0:01:06,911263020,0
16,6:44:28,6:45:01,0:00:33,911263020,0
12,6:33:50,6:35:17,0:01:27,910504020,0
48,6:39:28,6:40:35,0:01:07,911316020,0
56,6:40:46,6:50:02,0:09:16,911316020,0
56,6:42:18,6:50:02,0:07:44,911316020,0
56,6:44:20,6:50:02,0:05:43,911316020,0
56,6:44:20,6:50:02,0:05:42,911316020,0
56,6:45:07,6:50:02,0:04:55,911316020,0
56,6:45:12,6:50:02,0:04:50,911316020,0
0,6:32:01,6:35:30,0:03:29,911263020,0
4,6:31:32,6:37:21,0:05:49,911263020,0
14,6:41:07,6:44:01,0:02:54,911263020,0
18,6:41:28,6:46:43,0:05:15,911263020,0
0,6:27:48,6:28:30,0:00:42,910504020,0
13,6:30:22,6:37:34,0:07:12,910504020,0
5,6:45:41,6:45:55,0:00:14,911878020,0
7,6:43:33,6:46:54,0:03:21,911878020,0
10,6:41:08,6:48:26,0:07:18,911878020,0
13,6:49:00,6:52:12,0:03:13,911878020,0
0,6:43:18,6:49:01,0:05:43,911364020,0
5,6:48:11,6:51:57,0:03:46,911364020,0
38,6:42:06,6:45:19,0:03:13,911411030,0
38,6:30:10,6:34:08,0:03:58,911316020,0
52,6:38:32,6:43:56,0:05:24,911316020,0
57,6:42:52,6:51:46,0:08:54,911316020,0
59,6:46:40,6:53:41,0:07:01,911316020,0
39,6:36:13,6:45:49,0:09:35,911411030,0
1,6:49:40,6:49:50,0:00:10,911364020,0
9,6:25:20,6:32:49,0:07:29,910504020,0
0,6:50:41,6:54:00,0:03:19,911903030,0
36,6:50:47,6:51:37,0:00:51,910504020,0
5,6:39:26,6:45:55,0:06:29,911878020,0
29,6:42:48,6:47:34,0:04:46,910504020,0
10,6:52:18,6:54:42,0:02:24,911364020,0
26,6:34:20,6:37:35,0:03:14,911411030,0
45,6:44:37,6:49:18,0:04:41,911411030,0
46,6:44:22,6:50:18,0:05:56,911411030,0
49,6:42:46,6:51:36,0:08:50,911411030,0
50,6:52:04,6:52:29,0:00:25,911411030,0
34,6:47:09,6:49:47,0:02:37,910504020,0
26,6:52:17,6:52:46,0:00:29,911263020,0
31,6:49:13,6:56:13,0:07:01,911263020,0
31,6:51:04,6:56:13,0:05:10,911263020,0
8,6:56:10,6:58:11,0:02:01,911903030,0
34,6:46:49,6:49:47,0:02:57,910504020,0
39,6:38:39,6:45:49,0:07:09,911411030,0
44,6:32:22,6:48:29,0:16:07,911411030,1
47,6:46:24,6:50:43,0:04:19,911411030,0
49,6:50:33,6:51:36,0:01:03,911411030,0
5,6:54:27,6:56:58,0:02:31,911903030,0
51,6:51:11,6:53:36,0:02:25,911411030,0
5,6:49:54,6:51:57,0:02:03,911364020,0
12,6:52:37,6:56:32,0:03:55,911364020,0
0,6:35:36,6:42:00,0:06:24,911878020,0
4,6:43:30,6:44:41,0:01:11,911878020,0
4,6:39:06,6:44:41,0:05:35,911878020,0
5,6:44:58,6:45:55,0:00:57,911878020,0
53,6:50:41,6:54:45,0:04:04,911411030,0
7,6:35:56,6:38:51,0:02:54,911263020,0
10,6:36:16,6:40:50,0:04:34,911263020,0
10,6:39:36,6:40:50,0:01:13,911263020,0
17,6:40:13,6:46:10,0:05:57,911263020,0
32,6:54:28,6:56:56,0:02:29,911263020,0
59,6:50:32,6:53:41,0:03:09,911316020,0
3,6:53:42,6:55:29,0:01:47,911903030,0
11,6:46:47,6:49:01,0:02:15,911878020,0
11,6:38:15,6:41:40,0:03:25,911263020,0
48,6:53:25,6:58:04,0:04:39,910504020,0
0,6:16:29,6:19:30,0:03:01,911411030,0
39,6:35:09,6:45:49,0:10:40,911411030,0
56,6:51:11,6:57:47,0:06:35,911411030,0
37,6:57:54,7:00:00,0:02:06,911263020,0
12,6:47:09,6:50:21,0:03:12,911878020,0
39,7:01:20,7:01:20,0:00:00,911263020,0
49,6:53:14,6:58:43,0:05:28,910504020,0
53,6:59:27,7:02:56,0:03:29,910504020,0
0,6:50:28,6:54:00,0:03:32,911903030,0
5,6:53:20,6:56:58,0:03:38,911903030,0
56,6:57:30,6:57:47,0:00:17,911411030,0
5,7:01:06,7:02:59,0:01:53,911853020,0
36,6:54:32,6:58:37,0:04:05,911263020,0
1,6:57:09,6:59:50,0:02:41,911853020,0
5,7:00:21,7:02:59,0:02:38,911853020,0
11,6:55:54,6:55:54,0:00:00,911364020,0
21,7:02:09,7:02:49,0:00:40,911364020,0
36,6:49:57,6:51:37,0:01:41,910504020,0
39,6:47:06,6:53:35,0:06:29,910504020,0
50,6:57:06,6:59:53,0:02:47,910504020,0
21,6:49:02,6:56:51,0:07:49,911878020,0
32,7:03:10,7:04:26,0:01:16,911878020,0
34,7:00:12,7:05:52,0:05:40,911878020,0
4,6:47:11,6:51:32,0:04:20,911364020,0
23,7:04:28,7:04:33,0:00:04,911364020,0
0,6:49:49,6:54:00,0:04:11,911903030,0
13,7:01:57,7:02:09,0:00:12,911903030,0
26,7:05:18,7:06:46,0:01:28,911364020,0
7,7:03:56,7:03:57,0:00:01,911853020,0
0,7:05:48,7:05:51,0:00:03,911214020,0
45,6:53:56,6:56:33,0:02:37,910504020,0
46,6:50:54,6:57:13,0:06:19,910504020,0
52,7:00:18,7:01:26,0:01:09,910504020,0
5,7:05:42,7:08:35,0:02:54,911214020,0
32,7:00:09,7:04:26,0:04:17,911878020,0
32,7:00:31,7:04:26,0:03:54,911878020,0
1,6:51:44,6:54:32,0:02:48,911903030,0
5,6:49:41,6:51:57,0:02:17,911364020,0
5,6:51:25,6:51:57,0:00:33,911364020,0
12,7:02:56,7:08:28,0:05:32,911853020,0
11,6:30:05,6:34:25,0:04:20,910504020,0
48,6:55:37,6:58:04,0:02:27,910504020,0
49,6:57:59,6:58:43,0:00:44,910504020,0
49,6:58:17,6:58:43,0:00:25,910504020,0
56,6:59:35,7:05:39,0:06:04,910504020,0
9,7:07:00,7:10:26,0:03:25,911214020,0
23,7:05:00,7:09:22,0:04:22,911903030,0
1,7:01:40,7:06:21,0:04:41,911214020,0
7,6:54:42,6:57:50,0:03:08,911903030,0
13,6:57:57,7:02:09,0:04:12,911903030,0
13,7:00:15,7:02:09,0:01:54,911903030,0
54,6:59:21,7:03:23,0:04:02,910504020,0
56,7:00:52,7:05:39,0:04:47,910504020,0
56,7:01:32,7:05:39,0:04:07,910504020,0
56,7:05:12,7:05:39,0:00:27,910504020,0
59,7:06:36,7:10:46,0:04:09,910504020,0
7,7:01:52,7:03:57,0:02:06,911853020,0
7,7:04:13,7:04:13,0:00:00,911853020,0
41,7:01:43,7:03:36,0:01:54,911263020,0
5,7:01:43,7:02:59,0:01:16,911853020,0
7,7:00:59,7:03:57,0:02:58,911853020,0
8,7:00:32,7:05:10,0:04:38,911853020,0
10,7:02:03,7:06:43,0:04:39,911853020,0
10,7:02:44,7:06:43,0:03:59,911853020,0
13,7:03:10,7:10:37,0:07:26,911853020,0
27,7:11:33,7:12:29,0:00:57,911903030,0
60,7:07:55,7:13:16,0:05:21,910504020,0
1,6:51:53,6:54:32,0:02:39,911903030,0
28,7:01:35,7:13:09,0:11:34,911903030,1
28,7:08:59,7:13:09,0:04:11,911903030,0
40,6:59:04,7:02:40,0:03:37,911263020,0
46,7:05:18,7:07:26,0:02:08,911263020,0
46,7:05:27,7:07:26,0:01:59,911263020,0
49,7:00:46,7:09:37,0:08:52,911263020,0
21,7:00:35,7:02:49,0:02:14,911364020,0
21,7:02:45,7:02:49,0:00:04,911364020,0
3,7:11:09,7:12:38,0:01:29,911377020,0
5,7:00:25,7:02:59,0:02:34,911853020,0
5,7:01:02,7:02:59,0:01:57,911853020,0
9,7:03:09,7:05:50,0:02:41,911853020,0
16,7:04:39,7:12:35,0:07:57,911853020,0
16,7:05:02,7:12:35,0:07:33,911853020,0
27,7:05:54,7:07:12,0:01:18,911364020,0
5,7:12:03,7:13:57,0:01:54,911377020,0
5,7:12:52,7:13:57,0:01:06,911377020,0
32,7:08:13,7:12:03,0:03:50,911364020,0
37,7:14:38,7:15:50,0:01:11,911364020,0
10,7:07:28,7:11:01,0:03:34,911214020,0
56,7:01:12,7:05:39,0:04:27,910504020,0
60,7:11:12,7:13:16,0:02:04,910504020,0
21,7:03:49,7:07:53,0:04:04,911903030,0
31,7:12:49,7:15:18,0:02:29,911903030,0
36,7:03:21,7:07:42,0:04:21,911878020,0
0,7:05:27,7:05:51,0:00:24,911214020,0
5,7:06:23,7:08:35,0:02:12,911214020,0
5,7:07:50,7:08:35,0:00:45,911214020,0
13,7:12:54,7:14:38,0:01:44,911214020,0
43,6:57:39,7:04:53,0:07:14,911263020,0
48,7:08:22,7:08:54,0:00:32,911263020,0
49,7:01:57,7:09:37,0:07:41,911263020,0
49,7:04:32,7:09:37,0:05:06,911263020,0
9,7:17:28,7:18:25,0:00:57,911283020,0
21,7:04:39,7:07:53,0:03:14,911903030,0
0,7:01:28,7:05:51,0:04:23,911214020,0
36,7:10:56,7:14:40,0:03:43,911364020,0
17,7:06:06,7:13:28,0:07:22,911853020,0
39,6:56:24,7:01:20,0:04:56,911263020,0
49,7:00:58,7:09:37,0:08:40,911263020,0
51,7:08:11,7:12:04,0:03:53,911263020,0
56,7:06:29,7:15:49,0:09:20,911263020,0
56,7:14:30,7:15:49,0:01:19,911263020,0
56,7:16:02,7:16:02,0:00:00,911263020,0
12,7:16:40,7:18:45,0:02:05,911377020,0
13,6:44:29,6:52:12,0:07:43,911878020,0
5,7:16:20,7:16:34,0:00:14,911283020,0
39,7:15:21,7:17:16,0:01:55,911364020,0
39,7:17:02,7:17:16,0:00:14,911364020,0
48,7:02:52,7:08:54,0:06:02,911263020,0
49,7:05:11,7:09:37,0:04:26,911263020,0
52,7:10:06,7:12:40,0:02:35,911263020,0
55,7:04:56,7:15:22,0:10:25,911263020,0
55,7:15:03,7:15:22,0:00:18,911263020,0
56,7:06:00,7:15:49,0:09:49,911263020,0
56,7:08:30,7:15:49,0:07:19,911263020,0
56,7:09:15,7:15:49,0:06:33,911263020,0
58,7:12:33,7:19:55,0:07:23,911263020,0
58,7:15:27,7:19:55,0:04:29,911263020,0
2,6:59:05,7:00:25,0:01:20,911853020,0
7,7:01:25,7:03:57,0:02:32,911853020,0
9,7:00:47,7:05:50,0:05:04,911853020,0
10,7:03:13,7:06:43,0:03:30,911853020,0
16,7:11:24,7:12:35,0:01:11,911853020,0
12,6:59:16,7:01:04,0:01:48,911903030,0
17,7:00:15,7:04:44,0:04:30,911903030,0
1,7:01:33,7:06:21,0:04:47,911214020,0
5,7:03:38,7:08:35,0:04:57,911214020,0
18,7:05:46,7:18:26,0:12:40,911214020,1
18,7:11:30,7:18:26,0:06:56,911214020,1
28,7:09:52,7:13:09,0:03:17,911903030,0
36,7:17:58,7:18:14,0:00:16,911903030,0
5,6:57:39,7:02:59,0:05:20,911853020,0
12,7:03:49,7:08:28,0:04:39,911853020,0
16,7:12:24,7:12:35,0:00:11,911853020,0
12,7:19:57,7:21:12,0:01:14,911283020,0
3,7:16:27,7:18:37,0:02:11,910985020,0
7,7:06:48,7:09:26,0:02:38,911214020,0
17,7:06:26,7:13:28,0:07:02,911853020,0
36,7:00:58,7:07:42,0:06:43,911878020,0
36,7:15:49,7:18:14,0:02:25,911903030,0
1,7:14:35,7:17:41,0:03:07,910985020,0
9,7:18:39,7:22:35,0:03:57,910985020,0
5,7:10:52,7:13:57,0:03:05,911377020,0
10,7:14:36,7:16:49,0:02:13,911377020,0
12,7:15:39,7:18:45,0:03:05,911377020,0
45,7:07:09,7:15:08,0:07:59,911878020,0
48,7:11:01,7:18:15,0:07:14,911878020,0
48,7:11:28,7:18:15,0:06:47,911878020,0
49,7:18:01,7:18:59,0:00:59,911878020,0
53,7:17:18,7:23:04,0:05:46,911878020,0
14,7:09:07,7:11:16,0:02:09,911853020,0
21,7:09:22,7:16:23,0:07:01,911853020,0
28,7:15:38,7:22:00,0:06:22,911853020,0
11,7:12:58,7:17:25,0:04:27,911377020,0
54,7:10:28,7:14:18,0:03:50,911263020,0
56,7:06:14,7:15:49,0:09:35,911263020,0
2,7:00:46,7:07:03,0:06:18,911214020,0
2,7:06:31,7:07:03,0:00:32,911214020,0
5,7:06:13,7:08:35,0:02:22,911214020,0
18,7:14:15,7:18:26,0:04:11,911214020,0
4,7:18:12,7:19:15,0:01:03,910985020,0
2,6:43:03,6:43:52,0:00:49,911878020,0
32,7:00:29,7:04:26,0:03:56,911878020,0
36,7:06:02,7:07:42,0:01:40,911878020,0
38,7:00:53,7:09:19,0:08:26,911878020,0
46,7:07:54,7:17:07,0:09:14,911878020,0
46,7:11:40,7:17:07,0:05:27,911878020,0
52,7:19:00,7:21:50,0:02:50,911878020,0
13,7:21:55,7:22:15,0:00:20,911283020,0
21,7:20:19,7:21:18,0:00:59,911214020,0
17,7:01:50,7:04:44,0:02:54,911903030,0
5,7:11:02,7:13:57,0:02:55,911377020,0
0,7:02:01,7:05:51,0:03:50,911214020,0
9,7:08:42,7:10:26,0:01:43,911214020,0
18,6:51:39,7:18:26,0:26:47,911214020,1
18,6:58:11,7:18:26,0:20:15,911214020,1
18,7:14:57,7:18:26,0:03:29,911214020,0
18,7:15:38,7:18:26,0:02:48,911214020,0
18,7:17:12,7:18:26,0:01:14,911214020,0
18,7:18:22,7:18:26,0:00:04,911214020,0
26,7:24:28,7:25:07,0:00:40,911214020,0
3,7:21:35,7:23:16,0:01:41,911298020,0
0,7:18:44,7:21:00,0:02:16,911298020,0
3,7:17:24,7:18:37,0:01:13,910985020,0
10,7:21:20,7:23:34,0:02:14,910985020,0
10,7:23:46,7:23:46,0:00:00,910985020,0
38,7:03:45,7:09:19,0:05:35,911878020,0
43,7:12:34,7:13:44,0:01:10,911878020,0
48,7:17:11,7:18:15,0:01:04,911878020,0
50,7:20:05,7:20:05,0:00:00,911878020,0
4,6:57:04,7:01:09,0:04:05,911853020,0
21,7:13:00,7:16:23,0:03:23,911853020,0
26,7:18:28,7:20:55,0:02:27,911853020,0
27,7:13:10,7:21:31,0:08:21,911853020,0
27,7:19:59,7:21:31,0:01:32,911853020,0
30,7:15:19,7:23:36,0:08:17,911853020,0
40,7:04:50,7:11:09,0:06:18,911878020,0
46,7:08:51,7:17:07,0:08:17,911878020,0
48,7:12:36,7:18:15,0:05:40,911878020,0
48,7:14:03,7:18:15,0:04:12,911878020,0
49,7:14:20,7:18:59,0:04:40,911878020,0
51,7:13:51,7:20:56,0:07:05,911878020,0
56,7:19:51,7:25:27,0:05:36,911878020,0
56,7:22:38,7:25:27,0:02:49,911878020,0
56,7:25:17,7:25:27,0:00:10,911878020,0
0,6:45:34,6:49:01,0:03:28,911364020,0
40,7:20:11,7:21:48,0:01:37,911903030,0
5,7:03:49,7:08:35,0:04:46,911214020,0
38,7:03:27,7:09:19,0:05:52,911878020,0
55,7:18:30,7:24:26,0:05:56,911878020,0
17,7:21:53,7:23:39,0:01:46,911377020,0
13,7:22:11,7:22:15,0:00:04,911283020,0
26,7:25:10,7:25:10,0:00:00,911214020,0
49,7:27:19,7:28:07,0:00:49,911903030,0
7,7:19:48,7:21:23,0:01:34,910985020,0
2,7:11:42,7:12:04,0:00:22,911377020,0
9,7:11:06,7:15:55,0:04:49,911377020,0
16,7:19:31,7:22:07,0:02:36,911377020,0
0,7:16:06,7:17:00,0:00:54,910985020,0
0,7:16:49,7:17:00,0:00:11,910985020,0
5,7:17:23,7:20:36,0:03:13,910985020,0
10,7:19:31,7:23:34,0:04:04,910985020,0
10,7:20:04,7:23:34,0:03:31,910985020,0
10,7:22:29,7:23:34,0:01:05,910985020,0
10,7:23:13,7:23:34,0:00:21,910985020,0
12,7:24:23,7:25:15,0:00:52,910985020,0
7,7:02:36,7:03:57,0:01:21,911853020,0
10,7:01:07,7:06:43,0:05:35,911853020,0
17,7:13:20,7:13:28,0:00:08,911853020,0
32,7:18:33,7:25:24,0:06:51,911853020,0
36,7:20:42,7:27:47,0:07:05,911853020,0
50,7:12:32,7:19:59,0:07:28,911878020,0
50,7:19:25,7:19:59,0:00:34,911878020,0
51,7:14:02,7:20:56,0:06:55,911878020,0
9,7:18:06,7:18:25,0:00:19,911283020,0
13,7:15:54,7:19:58,0:04:04,911377020,0
12,7:06:03,7:08:28,0:02:25,911853020,0
0,7:20:44,7:21:00,0:00:16,911298020,0
4,7:21:59,7:23:36,0:01:37,911298020,0
12,7:29:14,7:29:49,0:00:35,911298020,0
1,7:09:51,7:11:29,0:01:38,911377020,0
13,7:19:05,7:19:58,0:00:53,911377020,0
1,7:12:16,7:13:41,0:01:25,911283020,0
12,7:20:14,7:21:12,0:00:58,911283020,0
2,6:47:53,6:50:33,0:02:40,911364020,0
45,7:20:15,7:21:53,0:01:38,911364020,0
51,7:21:41,7:26:20,0:04:39,911364020,0
0,7:27:54,7:29:30,0:01:36,911004030,0
56,7:05:58,7:15:49,0:09:51,911263020,0
56,7:10:19,7:15:49,0:05:30,911263020,0
60,7:16:01,7:25:07,0:09:05,911263020,0
60,7:23:46,7:25:07,0:01:21,911263020,0
36,7:21:55,7:27:47,0:05:52,911853020,0
5,7:08:36,7:08:36,0:00:00,911214020,0
12,7:08:59,7:13:16,0:04:17,911214020,0
13,7:28:47,7:31:05,0:02:18,911298020,0
1,7:10:10,7:11:29,0:01:19,911377020,0
14,7:17:59,7:20:36,0:02:37,911377020,0
39,7:26:51,7:30:17,0:03:26,911853020,0
7,7:16:42,7:17:19,0:00:37,911283020,0
10,7:30:32,7:31:25,0:00:54,910955020,0
0,6:48:58,6:49:01,0:00:03,911364020,0
38,7:12:27,7:16:37,0:04:10,911364020,0
46,7:19:46,7:22:35,0:02:49,911364020,0
3,7:15:39,7:18:37,0:02:58,910985020,0
11,7:23:03,7:24:28,0:01:25,910985020,0
20,7:29:06,7:33:44,0:04:38,910985020,0
5,7:09:17,7:13:57,0:04:41,911377020,0
26,7:29:10,7:29:57,0:00:47,911377020,0
5,7:24:19,7:24:20,0:00:01,911298020,0
10,7:25:23,7:27:17,0:01:54,911298020,0
13,7:20:41,7:22:15,0:01:34,911283020,0
1,7:26:20,7:30:08,0:03:49,911004030,0
9,7:33:09,7:34:03,0:00:54,911004030,0
36,7:32:24,7:33:21,0:00:57,911214020,0
39,7:20:12,7:20:58,0:00:46,911903030,0
0,7:21:33,7:25:00,0:03:27,910955020,0
4,7:26:54,7:27:47,0:00:54,910955020,0
5,7:27:30,7:28:51,0:01:20,910955020,0
8,7:29:21,7:29:58,0:00:37,910955020,0
10,7:31:01,7:31:25,0:00:24,910955020,0
29,7:06:49,7:08:24,0:01:35,911364020,0
36,7:09:55,7:14:40,0:04:44,911364020,0
38,7:12:58,7:16:37,0:03:40,911364020,0
52,7:25:20,7:26:50,0:01:29,911364020,0
2,6:50:49,6:55:04,0:04:15,911903030,0
17,7:02:40,7:04:44,0:02:05,911903030,0
37,7:18:44,7:19:36,0:00:52,911903030,0
46,7:25:59,7:26:04,0:00:05,911903030,0
11,7:24:46,7:28:29,0:03:42,911298020,0
19,7:34:19,7:35:06,0:00:47,911298020,0
17,7:17:38,7:17:48,0:00:11,911214020,0
32,7:26:39,7:29:19,0:02:40,911214020,0
46,7:20:40,7:22:35,0:01:56,911364020,0
56,7:25:42,7:31:50,0:06:07,911364020,0
56,7:31:54,7:31:54,0:00:00,911364020,0
30,7:17:28,7:23:36,0:06:08,911853020,0
12,7:09:17,7:13:16,0:03:59,911214020,0
12,7:10:17,7:13:16,0:02:59,911214020,0
12,7:13:47,7:18:45,0:04:57,911377020,0
12,7:17:48,7:18:45,0:00:57,911377020,0
17,7:23:38,7:23:39,0:00:01,911377020,0
10,7:30:49,7:31:25,0:00:36,910955020,0
53,7:24:09,7:28:06,0:03:57,911364020,0
54,7:25:02,7:28:59,0:03:57,911364020,0
56,7:26:08,7:31:50,0:05:42,911364020,0
56,7:26:55,7:31:50,0:04:54,911364020,0
56,7:30:28,7:31:50,0:01:21,911364020,0
56,7:31:32,7:31:50,0:00:17,911364020,0
0,7:21:18,7:25:00,0:03:42,910955020,0
0,7:24:25,7:25:00,0:00:35,910955020,0
5,7:27:29,7:28:51,0:01:22,910955020,0
5,7:28:52,7:28:52,0:00:00,910955020,0
13,7:32:54,7:35:10,0:02:16,910955020,0
40,7:34:15,7:37:07,0:02:52,911214020,0
0,6:51:29,6:54:00,0:02:31,911903030,0
56,7:19:08,7:25:27,0:06:19,911878020,0
59,7:24:02,7:28:58,0:04:56,911878020,0
20,7:28:04,7:33:44,0:05:39,910985020,0
7,7:35:08,7:37:39,0:02:31,911457020,0
40,7:21:22,7:21:48,0:00:27,911903030,0
48,7:24:17,7:27:21,0:03:03,911903030,0
50,7:27:17,7:29:22,0:02:06,911903030,0
56,7:34:38,7:36:14,0:01:37,911903030,0
5,7:32:51,7:36:55,0:04:04,911457020,0
0,7:24:45,7:25:00,0:00:15,910955020,0
5,7:24:46,7:28:51,0:04:05,910955020,0
5,7:26:49,7:28:51,0:02:01,910955020,0
9,7:28:19,7:30:42,0:02:23,910955020,0
12,7:32:08,7:33:48,0:01:40,910955020,0
10,7:12:46,7:16:49,0:04:03,911377020,0
10,7:16:03,7:16:49,0:00:46,911377020,0
36,7:37:02,7:37:11,0:00:09,911377020,0
23,7:30:10,7:37:03,0:06:53,910985020,0
23,7:36:27,7:37:03,0:00:36,910985020,0
0,7:25:48,7:29:30,0:03:42,911004030,0
10,7:04:51,7:06:43,0:01:52,911853020,0
0,7:38:02,7:38:30,0:00:28,910579020,0
50,7:25:35,7:29:22,0:03:48,911903030,0
53,7:28:17,7:32:21,0:04:04,911903030,0
13,7:28:04,7:31:05,0:03:01,911298020,0
18,7:23:07,7:34:36,0:11:30,911298020,1
38,7:18:52,7:20:30,0:01:38,911903030,0
4,7:18:03,7:19:15,0:01:12,910985020,0
14,7:24:00,7:28:02,0:04:01,910985020,0
21,7:31:31,7:34:26,0:02:54,910985020,0
1,7:35:11,7:39:33,0:04:23,910579020,0
39,7:38:47,7:40:15,0:01:28,911377020,0
7,7:24:48,7:25:09,0:00:20,911298020,0
8,7:25:00,7:25:48,0:00:48,911298020,0
9,7:23:23,7:26:25,0:03:02,911298020,0
14,7:31:27,7:31:49,0:00:22,911298020,0
18,7:23:35,7:34:36,0:11:01,911298020,1
21,7:36:30,7:36:30,0:00:00,911298020,0
50,7:21:28,7:25:23,0:03:55,911364020,0
26,7:36:30,7:40:21,0:03:51,910985020,0
4,7:31:59,7:35:23,0:03:24,911457020,0
4,7:34:53,7:35:23,0:00:30,911457020,0
0,7:41:54,7:43:01,0:01:08,911242020,0
27,7:36:50,7:41:22,0:04:32,910985020,0
1,7:21:42,7:21:56,0:00:14,911298020,0
2,7:21:38,7:22:17,0:00:39,911298020,0
11,7:08:50,7:12:08,0:03:18,911214020,0
34,7:27:46,7:30:24,0:02:38,911214020,0
9,7:29:54,7:30:42,0:00:48,910955020,0
11,7:32:32,7:32:44,0:00:13,910955020,0
11,7:32:42,7:32:44,0:00:03,910955020,0
17,7:37:26,7:37:26,0:00:00,910955020,0
0,7:35:12,7:38:30,0:03:18,910579020,0
5,7:18:39,7:20:36,0:01:57,910985020,0
11,7:28:08,7:28:29,0:00:21,911298020,0
28,7:26:35,7:43:31,0:16:56,911298020,1
28,7:27:36,7:43:31,0:15:55,911298020,1
26,7:31:22,7:40:21,0:08:59,910985020,0
46,7:27:53,7:38:10,0:10:17,911853020,0
46,7:35:47,7:38:10,0:02:23,911853020,0
48,7:36:20,7:39:38,0:03:18,911853020,0
37,7:30:46,7:34:58,0:04:11,911214020,0
1,7:34:25,7:39:33,0:05:09,910579020,0
0,7:30:28,7:34:00,0:03:32,911457020,0
5,7:34:47,7:36:55,0:02:07,911457020,0
5,7:35:17,7:36:55,0:01:38,911457020,0
10,7:35:51,7:40:01,0:04:09,911457020,0
10,7:36:09,7:40:01,0:03:52,911457020,0
10,7:36:36,7:40:01,0:03:24,911457020,0
10,7:36:59,7:40:01,0:03:01,911457020,0
10,7:38:08,7:40:01,0:01:52,911457020,0
10,7:39:02,7:40:01,0:00:58,911457020,0
10,7:28:39,7:31:25,0:02:46,910955020,0
13,7:31:21,7:35:10,0:03:49,910955020,0
13,7:33:44,7:35:10,0:01:26,910955020,0
20,7:36:15,7:39:34,0:03:18,910955020,0
23,7:40:26,7:41:47,0:01:20,910955020,0
16,7:33:08,7:33:22,0:00:14,911298020,0
4,7:29:38,7:31:14,0:01:36,911004030,0
16,7:38:22,7:39:18,0:00:55,911004030,0
23,7:44:42,7:44:54,0:00:13,911004030,0
0,7:37:57,7:38:30,0:00:33,910579020,0
11,7:42:52,7:46:16,0:03:24,910579020,0
2,7:13:54,7:14:01,0:00:07,911283020,0
9,7:03:40,7:05:50,0:02:10,911853020,0
50,7:30:35,7:41:48,0:11:13,911853020,0
4,7:35:07,7:35:23,0:00:16,911457020,0
4,7:18:35,7:19:15,0:00:41,910985020,0
26,7:31:21,7:40:21,0:09:00,910985020,0
31,7:41:01,7:45:01,0:04:00,910985020,0
32,7:43:54,7:45:43,0:01:50,910985020,0
1,7:25:45,7:25:57,0:00:12,910955020,0
46,7:31:07,7:38:10,0:07:03,911853020,0
46,7:36:42,7:38:10,0:01:28,911853020,0
49,7:34:37,7:40:45,0:06:07,911853020,0
49,7:36:45,7:40:45,0:03:59,911853020,0
49,7:38:29,7:40:45,0:02:16,911853020,0
50,7:40:41,7:41:48,0:01:07,911853020,0
51,7:31:27,7:43:21,0:11:54,911853020,0
0,7:43:44,7:47:30,0:03:46,910043020,0
0,7:47:07,7:47:30,0:00:23,910043020,0
15,7:36:39,7:38:35,0:01:56,911004030,0
18,7:12:10,7:18:26,0:06:16,911214020,1
31,7:25:51,7:28:17,0:02:26,911214020,0
9,7:24:53,7:26:25,0:01:32,911298020,0
13,7:30:09,7:31:05,0:00:56,911298020,0
26,7:41:21,7:44:40,0:03:19,910955020,0
13,7:45:11,7:48:08,0:02:56,910579020,0
29,7:39:15,7:43:32,0:04:17,910985020,0
11,7:34:23,7:35:44,0:01:21,911004030,0
58,7:38:20,7:39:26,0:01:06,911903030,0
0,7:35:31,7:38:30,0:02:59,910579020,0
5,7:37:29,7:42:04,0:04:35,910579020,0
5,7:39:25,7:42:04,0:02:39,910579020,0
5,7:41:02,7:42:04,0:01:02,910579020,0
13,7:44:04,7:48:08,0:04:03,910579020,0
1,7:40:39,7:43:53,0:03:14,911242020,0
7,7:19:07,7:21:23,0:02:15,910985020,0
32,7:43:22,7:45:43,0:02:21,910985020,0
36,7:42:02,7:48:46,0:06:44,910985020,0
10,7:24:49,7:27:17,0:02:28,911298020,0
51,7:47:57,7:50:12,0:02:15,911377020,0
5,7:41:16,7:42:04,0:00:48,910579020,0
36,7:43:42,7:48:46,0:05:04,910985020,0
38,7:24:14,7:29:42,0:05:28,911853020,0
38,7:29:31,7:29:42,0:00:10,911853020,0
12,7:36:07,7:36:31,0:00:23,911004030,0
12,7:29:01,7:29:49,0:00:48,911298020,0
13,7:29:09,7:31:05,0:01:56,911298020,0
26,7:24:47,7:25:07,0:00:20,911214020,0
40,7:32:12,7:37:07,0:04:55,911214020,0
46,7:41:00,7:43:40,0:02:39,911214020,0
26,7:41:36,7:44:40,0:03:04,910955020,0
3,7:44:21,7:44:31,0:00:09,911242020,0
8,7:50:59,7:53:11,0:02:11,910043020,0
39,7:21:28,7:30:17,0:08:50,911853020,0
41,7:27:46,7:31:34,0:03:47,911853020,0
46,7:36:30,7:38:10,0:01:39,911853020,0
50,7:39:23,7:41:48,0:02:26,911853020,0
51,7:38:21,7:43:21,0:05:00,911853020,0
51,7:39:45,7:43:21,0:03:35,911853020,0
51,7:40:01,7:43:21,0:03:20,911853020,0
56,7:41:47,7:49:04,0:07:17,911853020,0
56,7:44:32,7:49:04,0:04:32,911853020,0
56,7:46:09,7:49:04,0:02:54,911853020,0
7,7:36:13,7:37:39,0:01:25,911457020,0
9,7:38:50,7:39:13,0:00:23,911457020,0
11,7:39:03,7:40:54,0:01:51,911457020,0
23,7:47:30,7:50:57,0:03:27,911457020,0
4,7:47:28,7:49:09,0:01:41,910043020,0
4,7:48:08,7:49:09,0:01:01,910043020,0
5,7:48:18,7:51:39,0:03:21,910043020,0
11,7:07:00,7:07:29,0:00:30,911853020,0
29,7:18:20,7:22:55,0:04:34,911853020,0
41,7:23:57,7:31:34,0:07:36,911853020,0
49,7:32:23,7:40:45,0:08:22,911853020,0
53,7:38:13,7:45:50,0:07:37,911853020,0
53,7:44:11,7:45:50,0:01:39,911853020,0
53,7:44:20,7:45:50,0:01:30,911853020,0
56,7:36:56,7:49:04,0:12:08,911853020,0
56,7:40:45,7:49:04,0:08:19,911853020,0
56,7:41:15,7:49:04,0:07:49,911853020,0
56,7:43:26,7:49:04,0:05:38,911853020,0
56,7:43:46,7:49:04,0:05:18,911853020,0
58,7:43:59,7:53:49,0:09:49,911853020,0
13,7:22:30,7:27:31,0:05:01,910985020,0
37,7:43:44,7:50:02,0:06:18,910985020,0
38,7:31:46,7:35:38,0:03:52,911214020,0
38,7:32:00,7:35:38,0:03:38,911214020,0
50,7:45:31,7:46:13,0:00:42,911214020,0
28,7:41:16,7:43:31,0:02:15,911298020,1
5,7:50:36,7:51:39,0:01:03,910043020,0
10,7:34:36,7:34:51,0:00:15,911004030,0
12,7:34:08,7:36:31,0:02:23,911004030,0
49,7:41:50,7:45:22,0:03:32,911214020,0
56,7:52:26,7:52:56,0:00:30,911214020,0
53,7:42:36,7:45:50,0:03:14,911853020,0
54,7:33:37,7:46:46,0:13:10,911853020,0
56,7:38:19,7:49:04,0:10:45,911853020,0
56,7:38:48,7:49:04,0:10:16,911853020,0
56,7:39:54,7:49:04,0:09:10,911853020,0
56,7:41:31,7:49:04,0:07:33,911853020,0
57,7:44:22,7:52:25,0:08:03,911853020,0
59,7:46:16,7:55:15,0:08:58,911853020,0
2,7:10:03,7:12:04,0:02:01,911377020,0
50,7:46:36,7:48:39,0:02:03,911377020,0
10,7:45:47,7:49:38,0:03:51,911242020,0
13,7:48:32,7:53:19,0:04:47,911242020,0
13,7:49:17,7:53:19,0:04:03,911242020,0
12,7:20:21,7:21:12,0:00:51,911283020,0
50,7:50:09,7:51:35,0:01:26,911283020,0
26,7:50:25,7:54:11,0:03:46,911457020,0
26,7:50:27,7:54:11,0:03:44,911457020,0
28,7:55:19,7:55:19,0:00:00,911457020,0
12,7:31:08,7:33:48,0:02:40,910955020,0
18,7:45:42,7:51:05,0:05:23,910579020,1
27,7:51:56,7:54:54,0:02:58,911457020,0
48,7:43:25,7:44:37,0:01:13,911214020,0
50,7:45:31,7:46:13,0:00:42,911214020,0
50,7:45:59,7:46:13,0:00:14,911214020,0
40,7:55:43,7:56:59,0:01:16,910955020,0
10,7:54:03,7:54:27,0:00:25,910043020,0
13,7:46:00,7:48:08,0:02:08,910579020,0
23,7:54:17,7:57:12,0:02:55,910579020,0
17,7:39:23,7:39:50,0:00:27,911004030,0
13,7:35:19,7:35:19,0:00:00,910955020,0
11,7:38:54,7:40:54,0:02:01,911457020,0
12,7:40:41,7:41:41,0:01:01,911457020,0
32,7:31:40,7:34:32,0:02:52,911377020,0
38,7:37:01,7:39:22,0:02:21,911377020,0
36,7:47:22,7:48:46,0:01:25,910985020,0
13,7:50:43,7:53:19,0:02:37,911242020,0
20,7:54:00,7:58:21,0:04:21,911242020,0
7,7:31:14,7:32:34,0:01:19,911004030,0
12,7:35:42,7:36:31,0:00:48,911004030,0
4,7:38:35,7:40:52,0:02:16,910579020,0
5,7:40:20,7:42:04,0:01:45,910579020,0
9,7:40:46,7:44:14,0:03:28,910579020,0
9,7:43:26,7:44:14,0:00:48,910579020,0
11,7:43:48,7:46:16,0:02:29,910579020,0
16,7:48:51,7:49:56,0:01:05,910579020,0
17,7:23:56,7:24:47,0:00:51,911283020,0
17,7:24:25,7:24:47,0:00:22,911283020,0
10,7:54:32,7:54:32,0:00:00,910043020,0
5,7:52:19,7:55:32,0:03:13,911933020,0
7,7:48:20,7:52:23,0:04:03,910043020,0
10,7:50:51,7:54:27,0:03:36,910043020,0
0,7:45:48,7:47:30,0:01:42,910043020,0
5,7:49:24,7:51:39,0:02:14,910043020,0
10,7:50:23,7:54:27,0:04:04,910043020,0
12,7:54:07,7:56:48,0:02:40,910043020,0
13,7:56:42,7:58:02,0:01:20,910043020,0
13,7:56:46,7:58:02,0:01:15,910043020,0
7,7:39:53,7:42:55,0:03:02,910579020,0
49,7:45:48,7:47:33,0:01:45,911377020,0
52,7:50:27,7:50:53,0:00:26,911377020,0
55,7:51:10,7:54:09,0:03:00,911377020,0
56,7:56:27,7:56:45,0:00:19,911377020,0
31,7:27:23,7:28:17,0:00:54,911214020,0
42,7:37:25,7:38:00,0:00:35,911214020,0
11,7:52:27,7:55:53,0:03:26,910043020,0
48,7:48:26,7:49:40,0:01:14,911283020,0
49,7:49:20,7:50:30,0:01:09,911283020,0
56,7:48:45,7:49:04,0:00:19,911853020,0
59,7:55:24,7:55:24,0:00:00,911853020,0
5,7:35:08,7:36:55,0:01:47,911457020,0
9,7:35:11,7:39:13,0:04:02,911457020,0
9,7:39:00,7:39:13,0:00:13,911457020,0
28,7:45:52,7:55:17,0:09:25,911457020,1
2,7:39:47,7:40:01,0:00:15,910579020,0
5,7:58:38,8:00:33,0:01:55,911386020,0
49,7:47:55,7:50:30,0:02:35,911283020,0
44,7:38:05,7:43:33,0:05:28,911377020,1
56,7:54:24,7:56:45,0:02:21,911377020,0
10,7:20:47,7:23:34,0:02:47,910985020,0
34,7:39:48,7:46:38,0:06:50,910985020,0
36,7:41:19,7:48:46,0:07:28,910985020,0
10,7:26:37,7:27:17,0:00:40,911298020,0
5,7:38:49,7:42:04,0:03:16,910579020,0
5,7:40:13,7:42:04,0:01:51,910579020,0
24,7:54:31,7:58:15,0:03:44,910579020,0
5,7:45:58,7:47:11,0:01:12,911242020,0
9,7:45:43,7:48:46,0:03:03,911242020,0
9,7:47:51,7:48:46,0:00:55,911242020,0
10,7:49:33,7:49:38,0:00:05,911242020,0
0,7:44:14,7:47:30,0:03:16,910043020,0
0,7:45:00,7:47:30,0:02:30,910043020,0
7,7:39:32,7:42:55,0:03:22,910579020,0
5,7:59:50,8:00:33,0:00:43,911386020,0
10,8:00:58,8:03:01,0:02:03,911386020,0
46,7:46:30,7:48:20,0:01:50,911283020,0
0,7:58:05,8:01:00,0:02:55,911972020,0
50,7:41:14,7:41:48,0:00:34,911853020,0
52,7:31:44,7:44:23,0:12:39,911853020,0
52,7:42:21,7:44:23,0:02:03,911853020,0
53,7:35:02,7:45:50,0:10:48,911853020,0
56,7:47:41,7:49:04,0:01:23,911853020,0
58,7:49:09,7:53:49,0:04:40,911853020,0
59,7:43:49,7:55:15,0:11:26,911853020,0
60,7:42:34,7:56:45,0:14:11,911853020,0
60,7:49:01,7:56:45,0:07:44,911853020,0
60,7:55:52,7:56:45,0:00:53,911853020,0
10,7:37:05,7:40:01,0:02:55,911457020,0
12,7:39:36,7:41:41,0:02:06,911457020,0
12,7:40:30,7:41:41,0:01:12,911457020,0
12,7:41:07,7:41:41,0:00:35,911457020,0
17,7:40:02,7:46:05,0:06:03,911457020,0
17,7:45:33,7:46:05,0:00:32,911457020,0
40,7:56:02,7:56:59,0:00:57,910955020,0
10,8:02:21,8:03:01,0:00:40,911386020,0
9,7:46:45,7:48:46,0:02:02,911242020,0
13,7:49:45,7:53:19,0:03:34,911242020,0
14,7:52:02,7:54:01,0:01:59,911242020,0
26,8:00:47,8:04:05,0:03:19,911242020,0
5,7:33:22,7:36:55,0:03:33,911457020,0
11,7:41:01,7:41:01,0:00:00,911457020,0
0,7:49:02,7:52:00,0:02:58,911933020,0
0,7:51:34,7:52:00,0:00:26,911933020,0
0,7:51:40,7:52:00,0:00:20,911933020,0
49,7:47:52,7:50:30,0:02:38,911283020,0
56,7:58:26,7:59:39,0:01:13,911283020,0
59,8:03:58,8:04:31,0:00:33,911283020,0
5,7:57:54,8:00:33,0:02:39,911386020,0
10,7:59:14,8:03:01,0:03:47,911386020,0
5,7:53:36,7:55:32,0:01:56,911933020,0
48,7:53:36,8:00:58,0:07:22,910985020,0
5,7:45:27,7:47:11,0:01:43,911242020,0
23,7:59:45,8:01:42,0:01:57,911242020,0
5,7:53:33,7:55:32,0:01:59,911933020,0
9,7:41:21,7:44:14,0:02:52,910579020,0
10,7:42:03,7:44:58,0:02:55,910579020,0
12,7:44:49,7:46:59,0:02:10,910579020,0
28,7:58:30,8:01:19,0:02:49,910579020,0
32,8:01:06,8:04:18,0:03:11,910579020,0
36,7:59:02,8:02:35,0:03:33,911457020,0
0,7:49:40,7:52:00,0:02:20,911933020,0
9,7:54:28,7:58:09,0:03:40,911933020,0
9,7:55:04,7:58:09,0:03:05,911933020,0
9,7:56:24,7:58:09,0:01:45,911933020,0
9,7:56:39,7:58:09,0:01:30,911933020,0
18,8:03:43,8:05:53,0:02:09,911933020,0
59,8:00:26,8:01:36,0:01:10,911377020,0
11,7:50:13,7:50:43,0:00:30,911242020,0
31,7:51:46,7:58:18,0:06:32,911457020,0
4,7:47:48,7:49:09,0:01:20,910043020,0
9,7:51:05,7:53:36,0:02:31,910043020,0
9,7:52:32,7:53:36,0:01:04,910043020,0
13,7:58:09,7:58:09,0:00:00,910043020,0
5,8:00:15,8:00:33,0:00:18,911386020,0
51,8:06:41,8:06:57,0:00:16,910955020,0
5,8:02:07,8:04:41,0:02:35,911972020,0
10,7:33:46,7:34:51,0:01:05,911004030,0
48,8:03:37,8:06:33,0:02:56,911004030,0
0,7:55:37,7:56:30,0:00:53,911386020,0
0,7:55:48,7:56:30,0:00:42,911386020,0
5,7:59:17,8:00:33,0:01:16,911386020,0
7,7:57:20,8:01:33,0:04:13,911386020,0
26,7:54:57,7:59:30,0:04:33,910579020,0
13,7:55:27,7:58:02,0:02:35,910043020,0
18,7:51:19,8:01:10,0:09:51,910043020,1
18,7:55:09,8:01:10,0:06:01,910043020,1
12,7:42:38,7:46:59,0:04:21,910579020,0
28,8:06:03,8:10:47,0:04:44,910043020,0
1,7:50:48,7:53:24,0:02:35,911933020,0
36,8:02:21,8:02:35,0:00:14,911457020,0
12,8:02:24,8:05:17,0:02:54,911386020,0
12,7:47:57,7:51:34,0:03:37,911242020,0
1,7:48:25,7:53:24,0:04:59,911933020,0
7,7:53:27,7:56:34,0:03:07,911933020,0
10,7:56:00,7:59:01,0:03:01,911933020,0
5,7:57:48,8:00:33,0:02:45,911386020,0
5,7:59:57,8:00:33,0:00:35,911386020,0
36,7:58:26,8:02:35,0:04:09,911457020,0
5,7:47:50,7:51:39,0:03:49,910043020,0
5,7:48:56,7:51:39,0:02:43,910043020,0
19,7:57:44,8:01:43,0:03:59,910043020,0
32,8:06:14,8:08:56,0:02:41,911242020,0
12,7:56:08,7:56:48,0:00:40,910043020,0
20,7:59:59,8:03:35,0:03:35,910043020,0
0,7:58:27,8:01:00,0:02:33,911972020,0
26,7:38:59,7:40:21,0:01:22,910985020,0
39,7:51:10,7:51:39,0:00:29,910985020,0
40,7:42:00,7:52:22,0:10:22,910985020,0
45,7:56:07,7:58:59,0:02:52,910985020,0
47,7:53:18,8:00:15,0:06:57,910985020,0
49,7:56:17,8:03:19,0:07:01,910985020,0
52,7:56:26,8:06:16,0:09:50,910985020,0
48,8:02:09,8:02:09,0:00:00,911298020,0
56,7:59:44,7:59:44,0:00:00,911283020,0
8,7:56:05,7:57:18,0:01:13,911933020,0
23,8:08:19,8:10:57,0:02:38,911933020,0
41,8:14:06,8:16:10,0:02:03,911242020,0
20,8:03:46,8:07:45,0:03:59,911933020,0
50,8:06:40,8:11:13,0:04:33,911004030,0
13,8:03:40,8:06:28,0:02:48,911386020,0
5,7:18:08,7:20:36,0:02:27,910985020,0
38,7:42:41,7:50:49,0:08:08,910985020,0
48,7:50:07,8:00:58,0:10:51,910985020,0
50,8:01:15,8:04:25,0:03:10,910985020,0
51,8:01:38,8:05:36,0:03:58,910985020,0
51,8:04:41,8:05:36,0:00:55,910985020,0
56,8:06:24,8:15:06,0:08:42,910985020,0
9,8:04:40,8:06:15,0:01:35,911972020,0
17,8:15:33,8:16:38,0:01:06,911318020,0
40,7:49:51,7:52:22,0:02:31,910985020,0
45,7:56:38,7:58:59,0:02:21,910985020,0
48,7:50:24,8:00:58,0:10:33,910985020,0
48,7:57:55,8:00:58,0:03:02,910985020,0
49,8:00:57,8:03:19,0:02:21,910985020,0
56,8:01:54,8:15:06,0:13:12,910985020,0
56,8:04:11,8:15:06,0:10:55,910985020,0
56,8:06:19,8:15:06,0:08:47,910985020,0
56,8:06:23,8:15:06,0:08:43,910985020,0
56,8:09:25,8:15:06,0:05:41,910985020,0
56,8:10:29,8:15:06,0:04:37,910985020,0
56,8:10:37,8:15:06,0:04:28,910985020,0
56,8:12:58,8:15:06,0:02:08,910985020,0
0,7:17:30,7:21:00,0:03:30,911298020,0
0,7:17:44,7:21:00,0:03:16,911298020,0
0,7:22:19,7:25:00,0:02:41,910955020,0
38,7:51:08,7:55:35,0:04:27,910955020,0
53,8:08:03,8:09:33,0:01:30,910955020,0
56,8:16:00,8:16:00,0:00:00,910955020,0
54,8:12:03,8:16:17,0:04:14,911004030,0
28,8:08:31,8:10:47,0:02:16,910043020,0
10,7:51:33,7:54:27,0:02:54,910043020,0
12,7:54:07,7:56:48,0:02:41,910043020,0
11,8:00:23,8:04:23,0:04:00,911386020,0
16,8:06:26,8:08:29,0:02:02,911386020,0
29,7:40:42,7:43:32,0:02:50,910985020,0
49,7:57:27,8:03:19,0:05:51,910985020,0
51,8:01:13,8:05:36,0:04:23,910985020,0
52,8:00:58,8:06:16,0:05:18,910985020,0
53,7:57:07,8:07:18,0:10:11,910985020,0
53,8:04:17,8:07:18,0:03:01,910985020,0
53,8:05:17,8:07:18,0:02:00,910985020,0
56,8:11:01,8:15:06,0:04:05,910985020,0
56,8:15:47,8:15:47,0:00:00,910985020,0
37,7:50:34,7:54:54,0:04:20,910955020,0
45,7:59:38,8:00:19,0:00:40,910955020,0
49,8:04:41,8:05:15,0:00:34,910955020,0
4,7:59:24,8:02:59,0:03:35,911972020,0
0,8:07:36,8:12:00,0:04:24,911953020,0
43,8:05:52,8:08:09,0:02:17,911457020,0
46,8:11:51,8:11:59,0:00:08,911457020,0
12,7:51:54,7:56:48,0:04:53,910043020,0
12,7:54:09,7:56:48,0:02:39,910043020,0
45,8:17:20,8:20:53,0:03:33,911242020,0
13,8:13:34,8:13:52,0:00:18,911318020,0
13,7:38:19,7:43:40,0:05:21,911457020,0
26,7:48:09,7:54:11,0:06:02,911457020,0
38,8:01:36,8:04:18,0:02:42,911457020,0
39,8:03:36,8:05:05,0:01:29,911457020,0
43,8:03:25,8:08:09,0:04:44,911457020,0
44,8:03:31,8:09:11,0:05:40,911457020,0
45,8:04:44,8:11:02,0:06:17,911457020,0
48,8:13:09,8:13:28,0:00:19,911457020,0
39,7:47:40,7:51:39,0:03:58,910985020,0
47,7:49:51,8:00:15,0:10:24,910985020,0
51,8:04:04,8:05:36,0:01:33,910985020,0
52,7:57:38,8:06:16,0:08:38,910985020,0
56,8:00:46,8:15:06,0:14:20,910985020,0
56,8:00:56,8:15:06,0:14:10,910985020,0
56,8:04:10,8:15:06,0:10:56,910985020,0
56,8:14:09,8:15:06,0:00:57,910985020,0
56,8:14:52,8:15:06,0:00:14,910985020,0
58,8:06:32,8:19:34,0:13:03,910985020,0
58,8:11:23,8:19:34,0:08:11,910985020,0
59,8:12:44,8:21:06,0:08:22,910985020,0
17,7:31:28,7:34:02,0:02:34,911298020,0
51,8:05:53,8:05:53,0:00:00,911298020,0
10,7:59:14,8:03:01,0:03:46,911386020,0
13,8:05:06,8:06:28,0:01:22,911386020,0
13,8:05:37,8:06:28,0:00:52,911386020,0
21,8:09:20,8:13:18,0:03:58,911386020,0
26,8:20:38,8:21:05,0:00:27,911386020,0
13,8:08:01,8:09:06,0:01:05,911972020,0
17,8:09:52,8:12:26,0:02:33,911972020,0
38,7:55:54,7:57:44,0:01:51,911004030,0
38,7:56:47,7:57:44,0:00:57,911004030,0
51,8:08:23,8:12:34,0:04:12,911004030,0
56,8:18:57,8:20:11,0:01:13,911004030,0
9,8:12:28,8:17:06,0:04:38,911953020,0
0,7:34:35,7:38:30,0:03:55,910579020,0
26,7:57:20,7:59:30,0:02:10,910579020,0
39,8:06:49,8:10:28,0:03:39,910579020,0
5,8:15:47,8:21:19,0:05:33,911414030,0
5,8:18:12,8:21:19,0:03:07,911414030,0
10,7:49:17,7:49:38,0:00:21,911242020,0
0,8:04:49,8:06:00,0:01:11,911318020,0
2,7:28:06,7:30:34,0:02:28,911004030,0
56,8:19:33,8:20:11,0:00:38,911004030,0
13,7:59:04,8:02:25,0:03:20,911933020,0
56,8:05:22,8:15:06,0:09:43,910985020,0
60,8:07:22,8:22:36,0:15:14,910985020,0
7,8:15:52,8:16:11,0:00:19,911953020,0
16,8:18:34,8:23:25,0:04:51,911953020,0
0,8:01:40,8:06:00,0:04:20,911318020,0
12,8:11:19,8:12:52,0:01:33,911318020,0
13,8:09:30,8:13:52,0:04:22,911318020,0
15,8:10:34,8:15:03,0:04:30,911318020,0
5,8:21:25,8:21:25,0:00:00,911414030,0
9,7:51:16,7:53:36,0:02:20,910043020,0
13,8:15:43,8:21:31,0:05:48,911953020,0
46,8:03:07,8:04:28,0:01:21,911004030,0
49,8:08:30,8:10:07,0:01:38,911004030,0
49,8:09:48,8:10:07,0:00:20,911004030,0
51,8:10:45,8:12:34,0:01:50,911004030,0
38,8:02:14,8:04:18,0:02:04,911457020,0
38,8:03:25,8:04:18,0:00:53,911457020,0
39,8:00:58,8:05:05,0:04:07,911457020,0
39,8:01:49,8:05:05,0:03:15,911457020,0
39,8:03:10,8:05:05,0:01:55,911457020,0
47,8:11:33,8:12:26,0:00:53,911457020,0
48,8:10:15,8:13:28,0:03:13,911457020,0
48,8:10:56,8:13:28,0:02:32,911457020,0
51,8:15:30,8:17:35,0:02:05,911457020,0
32,7:59:58,8:04:18,0:04:19,910579020,0
17,8:06:28,8:09:27,0:02:59,911386020,0
28,8:14:08,8:23:00,0:08:52,911386020,1
17,7:59:08,8:00:28,0:01:20,910043020,0
39,8:00:58,8:05:05,0:04:06,911457020,0
51,8:14:47,8:17:35,0:02:47,911457020,0
56,8:21:35,8:22:21,0:00:46,911457020,0
53,8:11:36,8:14:48,0:03:13,911004030,0
53,8:12:30,8:14:48,0:02:18,911004030,0
56,8:16:52,8:20:11,0:03:19,911004030,0
56,8:20:17,8:20:17,0:00:00,911004030,0
12,8:06:45,8:08:01,0:01:16,911972020,0
36,8:08:52,8:12:58,0:04:05,911242020,0
56,8:06:08,8:15:06,0:08:57,910985020,0
57,8:13:25,8:18:23,0:04:58,910985020,0
58,8:07:10,8:19:34,0:12:25,910985020,0
12,8:15:20,8:19:32,0:04:12,911953020,0
12,8:11:46,8:12:52,0:01:06,911318020,0
36,8:07:05,8:07:58,0:00:53,910579020,0
38,8:06:58,8:09:54,0:02:56,910579020,0
39,8:07:07,8:10:28,0:03:21,910579020,0
46,8:13:49,8:16:47,0:02:58,910579020,0
48,8:17:20,8:18:18,0:00:58,910579020,0
50,8:20:12,8:20:41,0:00:29,910579020,0
53,8:22:20,8:23:37,0:01:17,910579020,0
28,7:54:54,7:55:17,0:00:23,911457020,0
38,8:04:18,8:04:18,0:00:00,911457020,0
51,8:17:03,8:17:35,0:00:32,911457020,0
52,8:17:02,8:18:21,0:01:18,911457020,0
53,8:15:18,8:19:28,0:04:11,911457020,0
53,8:19:03,8:19:28,0:00:25,911457020,0
53,8:19:24,8:19:28,0:00:04,911457020,0
12,8:03:05,8:05:17,0:02:12,911386020,0
39,8:13:42,8:15:06,0:01:24,911242020,0
56,8:15:08,8:15:08,0:00:00,910985020,0
59,8:13:33,8:21:06,0:07:32,910985020,0
7,8:18:10,8:22:08,0:03:58,911414030,0
7,8:19:33,8:22:08,0:02:35,911414030,0
45,8:06:24,8:11:02,0:04:38,911457020,0
56,8:19:35,8:20:11,0:00:36,911004030,0
36,8:21:00,8:21:31,0:00:31,911933020,0
12,8:24:37,8:25:08,0:00:30,911414030,0
12,8:04:59,8:05:17,0:00:18,911386020,0
18,8:26:27,8:29:56,0:03:29,911414030,0
21,7:49:31,7:54:31,0:05:00,910579020,0
25,7:55:37,7:58:47,0:03:10,910579020,0
26,7:58:44,7:59:30,0:00:45,910579020,0
40,8:06:22,8:11:24,0:05:02,910579020,0
48,8:15:17,8:18:18,0:03:01,910579020,0
48,8:15:36,8:18:18,0:02:42,910579020,0
54,8:24:42,8:25:06,0:00:24,910579020,0
48,8:24:02,8:30:50,0:06:48,910043020,0
55,8:00:05,8:09:34,0:09:29,910985020,0
56,8:02:47,8:15:06,0:12:19,910985020,0
56,8:11:25,8:15:06,0:03:41,910985020,0
2,8:00:24,8:01:59,0:01:35,911972020,0
42,8:07:40,8:12:56,0:05:16,910579020,0
48,8:13:48,8:18:18,0:04:30,910579020,0
48,8:17:23,8:18:18,0:00:55,910579020,0
51,8:21:00,8:21:43,0:00:43,910579020,0
0,8:09:39,8:12:00,0:02:21,911953020,0
13,8:02:35,8:06:28,0:03:53,911386020,0
32,8:22:20,8:27:01,0:04:41,911386020,0
40,8:22:04,8:24:38,0:02:34,911933020,0
0,8:13:32,8:19:00,0:05:28,911414030,0
0,8:17:21,8:19:00,0:01:39,911414030,0
0,8:18:23,8:19:00,0:00:37,911414030,0
21,8:24:06,8:27:50,0:03:44,911953020,0
59,8:28:29,8:28:29,0:00:00,911457020,0
16,7:49:24,7:49:56,0:00:32,910579020,0
28,7:57:35,8:01:19,0:03:44,910579020,0
36,8:07:18,8:07:58,0:00:41,910579020,0
39,8:10:19,8:10:28,0:00:09,910579020,0
46,8:16:30,8:16:47,0:00:18,910579020,0
48,8:15:46,8:18:18,0:02:32,910579020,0
49,8:17:45,8:19:28,0:01:43,910579020,0
53,8:21:33,8:23:37,0:02:04,910579020,0
53,8:22:35,8:23:37,0:01:02,910579020,0
55,8:22:24,8:26:03,0:03:39,910579020,0
56,8:23:35,8:28:12,0:04:37,910579020,0
10,8:11:05,8:17:55,0:06:50,911953020,0
15,8:20:07,8:22:37,0:02:31,911953020,0
21,8:22:47,8:27:50,0:05:03,911953020,0
23,8:24:36,8:30:54,0:06:17,911953020,0
2,7:35:07,7:40:01,0:04:55,910579020,0
55,8:24:15,8:26:03,0:01:48,910579020,0
56,8:22:48,8:28:12,0:05:24,910579020,0
56,8:26:22,8:28:12,0:01:50,910579020,0
57,8:28:24,8:31:46,0:03:22,910579020,0
57,8:31:44,8:31:46,0:00:02,910579020,0
5,8:18:11,8:21:19,0:03:09,911414030,0
38,8:20:01,8:20:18,0:00:18,910043020,0
38,7:55:27,7:55:35,0:00:08,910955020,0
5,8:24:04,8:30:24,0:06:20,910506020,0
0,8:15:31,8:19:00,0:03:29,911414030,0
0,8:17:14,8:19:00,0:01:46,911414030,0
0,8:17:23,8:19:00,0:01:37,911414030,0
16,8:24:45,8:28:04,0:03:20,911414030,0
21,8:29:06,8:31:29,0:02:23,911414030,0
26,8:28:37,8:33:00,0:04:23,911953020,0
14,8:07:18,8:07:25,0:00:08,911386020,0
49,8:22:36,8:24:03,0:01:27,911242020,0
53,8:24:27,8:29:31,0:05:04,911242020,0
5,8:28:39,8:30:24,0:01:45,910506020,0
11,8:27:52,8:34:03,0:06:11,910506020,0
7,8:12:20,8:16:11,0:03:50,911953020,0
30,8:26:48,8:36:28,0:09:40,911953020,0
0,8:33:50,8:36:00,0:02:10,911267020,0
9,7:51:11,7:53:36,0:02:24,910043020,0
10,8:32:10,8:33:11,0:01:00,910506020,0
12,8:23:32,8:25:08,0:01:36,911414030,0
32,8:07:17,8:08:56,0:01:39,911242020,0
32,8:08:56,8:08:56,0:00:00,911242020,0
32,8:08:57,8:08:57,0:00:00,911242020,0
39,8:12:29,8:15:06,0:02:37,911242020,0
50,8:24:38,8:24:52,0:00:14,911242020,0
55,8:26:32,8:37:36,0:11:04,911242020,0
5,8:35:22,8:38:52,0:03:30,911267020,0
17,8:32:46,8:38:54,0:06:09,910506020,0
9,8:27:03,8:32:22,0:05:19,910506020,0
9,8:30:50,8:32:22,0:01:32,910506020,0
12,8:27:24,8:34:48,0:07:24,910506020,0
40,8:17:24,8:21:45,0:04:21,910043020,0
43,8:23:07,8:25:18,0:02:11,910043020,0
46,8:24:40,8:29:06,0:04:26,910043020,0
36,8:18:01,8:21:31,0:03:30,911933020,0
40,8:22:36,8:24:38,0:02:02,911933020,0
49,8:32:06,8:32:06,0:00:00,911933020,0
2,7:54:51,7:57:46,0:02:56,911386020,0
5,8:10:54,8:15:23,0:04:29,911953020,0
21,8:24:59,8:27:50,0:02:51,911953020,0
32,8:32:25,8:38:11,0:05:45,911953020,0
8,8:34:42,8:40:30,0:05:48,911267020,0
0,7:41:43,7:43:01,0:01:18,911242020,0
39,8:11:41,8:15:06,0:03:25,911242020,0
48,8:19:15,8:23:05,0:03:50,911242020,0
48,8:19:35,8:23:05,0:03:30,911242020,0
48,8:19:37,8:23:05,0:03:28,911242020,0
49,8:22:36,8:24:03,0:01:27,911242020,0
50,8:20:49,8:24:52,0:04:03,911242020,0
56,8:33:31,8:40:15,0:06:44,911242020,0
60,8:32:47,8:36:24,0:03:36,910579020,0
5,8:27:42,8:30:24,0:02:42,910506020,0
12,8:40:20,8:43:20,0:03:00,911267020,0
38,8:18:04,8:20:18,0:02:15,910043020,0
39,8:19:48,8:20:51,0:01:03,910043020,0
40,8:21:16,8:21:45,0:00:29,910043020,0
45,8:23:27,8:27:46,0:04:20,910043020,0
48,8:23:41,8:30:50,0:07:09,910043020,0
48,8:24:31,8:30:50,0:06:19,910043020,0
52,8:34:08,8:34:49,0:00:41,910043020,0
53,8:35:54,8:36:42,0:00:48,910043020,0
13,8:26:48,8:36:08,0:09:20,910506020,0
21,8:40:16,8:42:09,0:01:52,910506020,0
38,8:12:23,8:14:31,0:02:08,911242020,0
48,8:23:11,8:23:11,0:00:00,911242020,0
53,8:24:26,8:29:31,0:05:06,911242020,0
55,8:36:54,8:37:36,0:00:43,911242020,0
56,8:29:35,8:40:15,0:10:40,911242020,0
56,8:37:10,8:40:15,0:03:04,911242020,0
56,8:38:52,8:40:15,0:01:23,911242020,0
56,8:40:27,8:40:27,0:00:00,911242020,0
56,8:40:36,8:40:36,0:00:00,911242020,0
38,8:21:32,8:23:14,0:01:43,911933020,0
39,8:22:54,8:23:46,0:00:52,911933020,0
40,8:23:13,8:24:38,0:01:25,911933020,0
49,8:32:07,8:32:07,0:00:00,911933020,0
48,8:23:31,8:30:50,0:07:19,910043020,0
48,8:30:48,8:30:50,0:00:02,910043020,0
50,8:31:53,8:33:05,0:01:13,910043020,0
51,8:31:40,8:34:03,0:02:23,910043020,0
55,8:38:27,8:39:03,0:00:36,910043020,0
0,8:28:30,8:36:00,0:07:30,911267020,0
0,8:21:25,8:27:30,0:06:05,910506020,0
9,8:23:13,8:32:22,0:09:09,910506020,0
17,8:38:02,8:38:54,0:00:52,910506020,0
23,8:42:58,8:44:31,0:01:32,910506020,0
23,8:44:27,8:44:31,0:00:04,910506020,0
40,8:28:18,8:34:54,0:06:36,911386020,0
4,7:44:11,7:44:56,0:00:45,911242020,0
49,8:22:08,8:24:03,0:01:55,911242020,0
49,8:23:46,8:24:03,0:00:17,911242020,0
50,8:23:22,8:24:52,0:01:30,911242020,0
52,8:25:23,8:27:33,0:02:10,911242020,0
53,8:24:14,8:29:31,0:05:18,911242020,0
55,8:26:16,8:37:36,0:11:20,911242020,0
56,8:28:43,8:40:15,0:11:32,911242020,0
56,8:31:21,8:40:15,0:08:54,911242020,0
56,8:37:35,8:40:15,0:02:40,911242020,0
56,8:38:55,8:40:15,0:01:20,911242020,0
56,8:40:36,8:40:36,0:00:00,911242020,0
10,8:38:06,8:41:39,0:03:33,911267020,0
7,7:54:44,7:56:34,0:01:50,911933020,0
29,8:12:59,8:15:08,0:02:09,911933020,0
38,8:22:15,8:23:14,0:00:59,911933020,0
32,8:25:54,8:27:01,0:01:07,911386020,0
11,7:52:09,7:55:53,0:03:44,910043020,0
36,8:14:56,8:17:35,0:02:38,910043020,0
40,8:16:33,8:21:45,0:05:11,910043020,0
46,8:25:25,8:29:06,0:03:41,910043020,0
46,8:29:14,8:29:14,0:00:00,910043020,0
51,8:27:47,8:34:03,0:06:16,910043020,0
52,8:28:26,8:34:49,0:06:22,910043020,0
53,8:33:47,8:36:42,0:02:54,910043020,0
53,8:34:55,8:36:42,0:01:47,910043020,0
53,8:36:08,8:36:42,0:00:34,910043020,0
54,8:34:28,8:37:47,0:03:19,910043020,0
56,8:40:56,8:42:18,0:01:22,910043020,0
0,8:20:29,8:27:30,0:07:01,910506020,0
10,8:29:57,8:33:11,0:03:13,910506020,0
10,8:32:09,8:33:11,0:01:01,910506020,0
12,8:27:04,8:34:48,0:07:44,910506020,0
13,8:29:16,8:36:08,0:06:52,910506020,0
39,8:23:20,8:23:46,0:00:25,911933020,0
40,8:24:36,8:24:38,0:00:02,911933020,0
50,8:20:55,8:24:52,0:03:57,911242020,0
55,8:32:22,8:37:36,0:05:14,911242020,0
56,8:28:58,8:40:15,0:11:17,911242020,0
56,8:31:39,8:40:15,0:08:36,911242020,0
56,8:32:51,8:40:15,0:07:24,911242020,0
56,8:33:10,8:40:15,0:07:05,911242020,0
56,8:38:48,8:40:15,0:01:27,911242020,0
56,8:40:42,8:40:42,0:00:00,911242020,0
7,8:32:33,8:39:49,0:07:16,911267020,0
11,8:40:05,8:42:34,0:02:30,911267020,0
7,7:59:06,8:01:33,0:02:27,911386020,0
16,8:07:19,8:08:29,0:01:09,911386020,0
27,8:16:32,8:21:40,0:05:09,911386020,0
37,8:19:18,8:19:40,0:00:22,910043020,0
39,8:18:06,8:20:51,0:02:44,910043020,0
50,8:29:33,8:33:05,0:03:32,910043020,0
53,8:34:27,8:36:42,0:02:15,910043020,0
12,8:26:19,8:34:48,0:08:29,910506020,0
60,8:40:27,8:49:23,0:08:57,911242020,0
5,8:08:14,8:08:32,0:00:18,911318020,0
26,8:43:02,8:46:52,0:03:49,910506020,0
53,8:33:28,8:36:42,0:03:14,910043020,0
0,8:23:41,8:27:30,0:03:49,910506020,0
12,8:30:11,8:34:48,0:04:37,910506020,0
12,8:32:06,8:34:48,0:02:42,910506020,0
30,8:26:41,8:36:28,0:09:46,911953020,0
59,8:37:26,8:47:08,0:09:42,911242020,0
7,8:43:25,8:48:32,0:05:07,911880020,0
58,8:37:25,8:45:42,0:08:17,911242020,0
59,8:42:26,8:47:08,0:04:42,911242020,0
59,8:42:47,8:47:08,0:04:21,911242020,0
9,8:36:55,8:41:01,0:04:06,911267020,0
9,8:40:02,8:41:01,0:00:59,911267020,0
13,8:36:51,8:44:41,0:07:50,911267020,0
23,8:50:49,8:51:20,0:00:32,911267020,0
56,8:31:26,8:40:15,0:08:49,911242020,0
56,8:40:18,8:40:18,0:00:00,911242020,0
59,8:38:53,8:47:08,0:08:14,911242020,0
59,8:45:07,8:47:08,0:02:00,911242020,0
60,8:47:37,8:49:23,0:01:46,911242020,0
0,8:20:34,8:27:30,0:06:56,910506020,0
12,8:28:03,8:34:48,0:06:46,910506020,0
32,8:43:43,8:51:36,0:07:53,910506020,0
0,8:30:49,8:36:00,0:05:11,911267020,0
5,8:31:22,8:38:52,0:07:30,911267020,0
10,8:33:48,8:41:39,0:07:52,911267020,0
13,8:37:21,8:44:41,0:07:20,911267020,0
5,8:43:26,8:47:36,0:04:10,911880020,0
10,8:43:12,8:50:27,0:07:15,911880020,0
12,8:47:26,8:51:51,0:04:24,911880020,0
12,8:50:30,8:51:51,0:01:21,911880020,0
13,8:45:12,8:53:04,0:07:52,911880020,0
13,8:52:05,8:53:04,0:00:59,911880020,0
28,8:42:37,8:55:48,0:13:11,911267020,1
16,8:44:20,8:46:05,0:01:44,911267020,0
23,8:43:47,8:44:31,0:00:43,910506020,0
48,8:40:16,8:43:37,0:03:21,911386020,0
54,8:42:08,8:52:18,0:10:10,911972020,1
0,8:38:54,8:45:30,0:06:36,911880020,0
28,8:27:41,8:55:48,0:28:07,911267020,1
32,8:36:24,8:38:11,0:01:46,911953020,0
30,8:50:04,8:50:22,0:00:18,910506020,0
0,8:54:50,8:55:00,0:00:10,911370020,0
5,8:49:56,8:57:17,0:07:21,911370020,0
17,8:07:36,8:09:27,0:01:50,911386020,0
32,8:19:16,8:27:01,0:07:45,911386020,0
37,8:31:04,8:32:25,0:01:21,911386020,0
39,8:31:39,8:34:09,0:02:30,911386020,0
45,8:29:56,8:40:44,0:10:47,911386020,0
45,8:39:00,8:40:44,0:01:44,911386020,0
46,8:39:10,8:42:39,0:03:29,911386020,0
49,8:42:43,8:44:47,0:02:04,911386020,0
17,8:20:49,8:24:16,0:03:27,911953020,0
41,8:49:43,9:00:26,0:10:43,910506020,0
13,8:04:02,8:06:28,0:02:26,911386020,0
38,8:26:25,8:33:07,0:06:42,911386020,0
38,8:27:57,8:33:07,0:05:10,911386020,0
38,8:31:53,8:33:07,0:01:14,911386020,0
39,8:24:15,8:34:09,0:09:54,911386020,0
39,8:24:33,8:34:09,0:09:36,911386020,0
40,8:32:54,8:34:54,0:02:00,911386020,0
42,8:32:47,8:36:37,0:03:50,911386020,0
45,8:32:08,8:40:44,0:08:36,911386020,0
48,8:35:17,8:43:37,0:08:21,911386020,0
48,8:37:24,8:43:37,0:06:13,911386020,0
48,8:41:08,8:43:37,0:02:29,911386020,0
48,8:41:59,8:43:37,0:01:38,911386020,0
48,8:42:33,8:43:37,0:01:05,911386020,0
48,8:43:12,8:43:37,0:00:25,911386020,0
49,8:32:37,8:44:47,0:12:09,911386020,0
49,8:34:20,8:44:47,0:10:27,911386020,0
49,8:35:42,8:44:47,0:09:05,911386020,0
50,8:34:25,8:46:10,0:11:46,911386020,0
50,8:42:06,8:46:10,0:04:04,911386020,0
51,8:41:04,8:47:05,0:06:01,911386020,0
56,8:46:18,9:00:24,0:14:06,911386020,0
10,8:50:59,9:00:05,0:09:06,911370020,0
23,8:57:01,9:00:46,0:03:44,911880020,0
2,8:00:26,8:01:59,0:01:34,911972020,0
17,8:16:17,8:16:38,0:00:21,911318020,0
55,8:59:47,8:59:59,0:00:12,911318020,0
30,8:19:22,8:25:35,0:06:13,911386020,0
38,8:28:47,8:33:07,0:04:20,911386020,0
39,8:27:18,8:34:09,0:06:51,911386020,0
48,8:37:02,8:43:37,0:06:35,911386020,0
48,8:37:07,8:43:37,0:06:30,911386020,0
49,8:41:52,8:44:47,0:02:54,911386020,0
52,8:35:34,8:47:57,0:12:23,911386020,0
53,8:42:49,8:49:45,0:06:56,911386020,0
55,8:45:04,8:58:10,0:13:06,911386020,0
56,8:48:25,9:00:24,0:11:59,911386020,0
10,8:55:36,9:00:05,0:04:28,911370020,0
10,9:00:01,9:00:05,0:00:03,911370020,0
5,8:47:27,8:47:36,0:00:10,911880020,0
10,8:59:04,9:00:05,0:01:01,911370020,0
21,8:55:33,8:58:35,0:03:02,911880020,0
12,8:58:06,9:01:35,0:03:29,911370020,0
13,8:37:06,8:44:41,0:07:34,911267020,0
28,8:23:51,8:55:48,0:31:57,911267020,1
21,8:49:54,8:58:35,0:08:41,911880020,0
21,8:56:53,8:58:35,0:01:42,911880020,0
23,8:56:29,9:00:46,0:04:17,911880020,0
24,8:12:31,8:18:13,0:05:42,911386020,0
28,8:12:43,8:23:00,0:10:17,911386020,1
40,8:30:40,8:34:54,0:04:15,911386020,0
48,8:33:55,8:43:37,0:09:42,911386020,0
48,8:35:02,8:43:37,0:08:35,911386020,0
49,8:37:50,8:44:47,0:06:57,911386020,0
49,8:40:58,8:44:47,0:03:49,911386020,0
51,8:41:21,8:47:05,0:05:45,911386020,0
51,8:41:21,8:47:05,0:05:44,911386020,0
52,8:35:33,8:47:57,0:12:24,911386020,0
53,8:38:32,8:49:45,0:11:13,911386020,0
56,8:42:48,9:00:24,0:17:36,911386020,0
56,8:49:13,9:00:24,0:11:11,911386020,0
28,8:52:11,8:55:48,0:03:37,911267020,0
10,8:54:08,9:00:05,0:05:57,911370020,0
10,8:57:49,9:00:05,0:02:16,911370020,0
12,8:56:52,9:01:35,0:04:43,911370020,0
39,8:26:47,8:34:09,0:07:22,911386020,0
39,8:31:53,8:34:09,0:02:16,911386020,0
48,8:37:47,8:43:37,0:05:50,911386020,0
56,8:45:36,9:00:24,0:14:48,911386020,0
56,8:46:16,9:00:24,0:14:09,911386020,0
56,8:47:59,9:00:24,0:12:25,911386020,0
57,8:53:58,9:01:01,0:07:03,911386020,0
59,8:58:42,9:04:22,0:05:40,911386020,0
55,8:47:23,8:58:15,0:10:51,911972020,1
55,8:47:47,8:58:15,0:10:28,911972020,1
56,8:51:21,9:02:33,0:11:12,911972020,1
56,8:51:25,9:02:33,0:11:09,911972020,1
56,8:58:44,9:02:33,0:03:49,911972020,1
28,8:48:50,8:55:48,0:06:58,911267020,0
17,8:20:30,8:24:16,0:03:46,911953020,0
17,8:22:15,8:24:16,0:02:00,911953020,0
36,8:39:07,8:43:19,0:04:12,911953020,0
40,8:45:03,8:46:52,0:01:49,911953020,0
46,8:51:49,8:54:07,0:02:18,911953020,0
47,8:46:19,8:54:29,0:08:11,911953020,0
48,8:44:34,8:55:20,0:10:46,911953020,0
52,8:50:34,8:59:26,0:08:52,911953020,0
2,8:29:56,8:37:02,0:07:06,911267020,0
13,8:40:14,8:44:41,0:04:27,911267020,0
0,8:39:29,8:45:30,0:06:01,911880020,0
10,8:46:03,8:50:27,0:04:25,911880020,0
21,8:58:28,8:58:35,0:00:07,911880020,0
49,8:56:57,9:06:32,0:09:35,910506020,0
18,9:00:12,9:05:40,0:05:28,911370020,0
52,8:38:17,8:48:31,0:10:13,911972020,1
53,8:44:46,8:50:56,0:06:11,911972020,1
53,8:46:31,8:50:56,0:04:25,911972020,1
53,8:50:40,8:50:56,0:00:16,911972020,0
55,8:49:34,8:58:15,0:08:41,911972020,1
55,8:55:47,8:58:15,0:02:28,911972020,1
56,8:50:35,9:02:33,0:11:58,911972020,1
56,8:51:12,9:02:33,0:11:21,911972020,1
56,8:55:19,9:02:33,0:07:14,911972020,1
56,8:58:20,9:02:33,0:04:13,911972020,1
2,8:46:50,8:56:02,0:09:12,911370020,0
8,8:56:44,8:58:40,0:01:56,911370020,0
9,8:52:12,8:59:12,0:07:00,911370020,0
18,8:38:03,9:05:40,0:27:36,911370020,1
18,8:52:51,9:05:40,0:12:48,911370020,1
57,8:55:42,9:01:01,0:05:20,911386020,0
58,8:58:33,9:02:52,0:04:19,911386020,0
55,8:48:06,8:58:15,0:10:08,911972020,1
55,8:48:25,8:58:15,0:09:50,911972020,1
56,8:51:26,9:02:33,0:11:07,911972020,1
56,8:54:40,9:02:33,0:07:54,911972020,1
13,8:09:29,8:13:52,0:04:22,911318020,0
17,8:13:43,8:16:38,0:02:56,911318020,0
60,8:53:41,9:06:13,0:12:32,911386020,0
60,8:54:03,9:06:13,0:12:10,911386020,0
21,8:34:41,8:42:09,0:07:28,910506020,0
0,8:41:23,8:45:30,0:04:07,911880020,0
10,8:42:37,8:50:27,0:07:50,911880020,0
10,8:45:18,8:50:27,0:05:09,911880020,0
57,8:48:16,9:01:01,0:12:45,911386020,0
57,8:50:44,9:01:01,0:10:17,911386020,0
5,9:05:16,9:09:03,0:03:47,911905030,0
8,9:10:14,9:10:39,0:00:25,911905030,0
0,8:46:31,8:55:00,0:08:29,911370020,0
20,9:05:43,9:07:51,0:02:08,911370020,0
56,9:00:00,9:02:33,0:02:33,911972020,1
23,8:55:02,9:00:46,0:05:44,911880020,0
38,8:30:11,8:33:07,0:02:56,911386020,0
49,8:44:10,8:44:47,0:00:36,911386020,0
53,8:38:42,8:49:45,0:11:04,911386020,0
56,8:43:01,9:00:24,0:17:23,911386020,0
59,8:56:52,9:04:22,0:07:30,911386020,0
60,8:51:22,9:06:13,0:14:52,911386020,0
60,8:54:27,9:06:13,0:11:46,911386020,0
0,8:48:12,8:55:00,0:06:48,911370020,0
10,8:52:14,9:00:05,0:07:51,911370020,0
10,8:52:49,9:00:05,0:07:16,911370020,0
13,8:55:16,9:03:14,0:07:57,911370020,0
18,8:54:39,9:05:40,0:11:01,911370020,1
30,8:49:27,8:50:22,0:00:55,910506020,0
48,8:56:45,9:05:49,0:09:03,910506020,0
0,8:36:39,8:45:30,0:08:51,911880020,0
13,8:46:15,8:53:04,0:06:49,911880020,0
36,9:01:11,9:04:17,0:03:06,911267020,0
9,8:59:25,9:11:22,0:11:57,911905030,0
9,8:25:14,8:32:22,0:07:08,910506020,0
32,8:48:18,8:51:36,0:03:18,910506020,0
37,8:46:33,8:57:07,0:10:35,910506020,0
37,8:48:19,8:57:07,0:08:48,910506020,0
39,8:57:50,8:58:40,0:00:50,910506020,0
48,8:56:50,9:05:49,0:08:59,910506020,0
17,8:23:57,8:24:16,0:00:18,911953020,0
29,8:26:28,8:35:33,0:09:04,911953020,0
38,8:35:44,8:45:08,0:09:24,911953020,0
38,8:39:31,8:45:08,0:05:38,911953020,0
38,8:40:54,8:45:08,0:04:15,911953020,0
39,8:36:31,8:46:06,0:09:35,911953020,0
39,8:36:40,8:46:06,0:09:26,911953020,0
39,8:40:09,8:46:06,0:05:57,911953020,0
48,8:46:23,8:55:20,0:08:57,911953020,0
48,8:49:45,8:55:20,0:05:36,911953020,0
49,8:53:27,8:56:29,0:03:01,911953020,0
50,8:54:00,8:57:41,0:03:41,911953020,0
50,8:55:09,8:57:41,0:02:32,911953020,0
51,8:54:17,8:58:40,0:04:24,911953020,0
52,8:58:54,8:59:26,0:00:32,911953020,0
54,8:56:49,9:02:03,0:05:14,911953020,0
13,8:25:39,8:26:01,0:00:22,911414030,0
29,8:36:51,8:37:49,0:00:59,911414030,0
5,9:06:38,9:09:03,0:02:26,911905030,0
5,9:08:14,9:09:03,0:00:49,911905030,0
56,8:56:51,9:02:33,0:05:42,911972020,1
56,8:59:06,9:02:33,0:03:28,911972020,1
21,9:05:58,9:08:28,0:02:30,911370020,0
59,9:08:20,9:10:33,0:02:12,911318020,0
5,8:57:46,9:09:03,0:11:18,911905030,0
18,8:38:27,9:05:40,0:27:12,911370020,1
26,9:08:44,9:12:24,0:03:39,911370020,0
0,8:58:42,9:06:38,0:07:56,911905030,0
13,9:04:35,9:15:10,0:10:35,911905030,0
13,8:18:57,8:21:31,0:02:34,911953020,0
17,8:22:03,8:24:16,0:02:13,911953020,0
21,8:25:28,8:27:50,0:02:22,911953020,0
26,8:26:42,8:33:00,0:06:18,911953020,0
26,8:27:29,8:33:00,0:05:31,911953020,0
36,8:42:44,8:43:19,0:00:35,911953020,0
49,8:52:42,8:56:29,0:03:46,911953020,0
51,8:56:58,8:58:40,0:01:42,911953020,0
53,8:54:04,9:00:45,0:06:41,911953020,0
4,8:19:37,8:20:33,0:00:57,911414030,0
5,8:50:37,8:57:17,0:06:39,911370020,0
10,9:06:09,9:12:12,0:06:03,911905030,0
10,9:10:57,9:12:12,0:01:15,911905030,0
13,9:05:29,9:15:10,0:09:41,911905030,0
0,9:13:12,9:17:16,0:04:04,911217020,0
13,9:09:13,9:15:10,0:05:58,911905030,0
19,9:03:27,9:06:56,0:03:29,911370020,0
26,9:12:21,9:12:24,0:00:03,911370020,0
14,8:32:33,8:36:50,0:04:18,910506020,0
29,8:42:28,8:49:15,0:06:47,910506020,0
29,8:45:33,8:49:15,0:03:42,910506020,0
36,8:43:40,8:55:43,0:12:03,910506020,0
38,8:46:31,8:57:53,0:11:22,910506020,0
39,8:47:31,8:58:40,0:11:09,910506020,0
39,8:49:10,8:58:40,0:09:30,910506020,0
39,8:49:33,8:58:40,0:09:07,910506020,0
45,8:55:33,9:02:33,0:07:00,910506020,0
49,8:58:22,9:06:32,0:08:10,910506020,0
51,8:59:13,9:08:48,0:09:36,910506020,0
44,9:11:21,9:12:10,0:00:49,911267020,0
51,9:13:00,9:18:06,0:05:06,911267020,0
29,8:25:50,8:35:33,0:09:42,911953020,0
29,8:35:08,8:35:33,0:00:25,911953020,0
52,8:49:10,8:59:26,0:10:16,911953020,0
53,8:51:22,9:00:45,0:09:23,911953020,0
53,8:57:58,9:00:45,0:02:47,911953020,0
55,9:00:40,9:05:39,0:04:59,911953020,0
0,8:59:13,9:06:38,0:07:26,911905030,0
1,8:56:11,9:07:26,0:11:15,911905030,0
13,9:04:04,9:15:10,0:11:07,911905030,0
13,9:13:55,9:15:10,0:01:15,911905030,0
16,9:13:29,9:16:51,0:03:22,911905030,0
17,9:11:46,9:17:31,0:05:46,911905030,0
18,9:06:00,9:18:13,0:12:13,911905030,0
36,8:54:51,8:55:43,0:00:52,910506020,0
53,9:03:41,9:10:20,0:06:40,910506020,0
56,9:07:40,9:15:35,0:07:55,910506020,0
58,9:15:45,9:17:43,0:01:59,911953020,0
32,8:59:04,9:07:29,0:08:24,911880020,0
5,8:52:16,8:57:17,0:05:00,911370020,0
0,9:07:30,9:17:16,0:09:46,911217020,0
0,9:15:21,9:17:16,0:01:55,911217020,0
0,9:17:16,9:17:16,0:00:00,911217020,0
5,9:17:49,9:20:17,0:02:27,911217020,0
5,9:19:27,9:20:17,0:00:50,911217020,0
6,9:09:46,9:20:49,0:11:04,911217020,0
36,8:56:08,9:04:17,0:08:10,911267020,0
43,9:07:17,9:10:01,0:02:43,911267020,0
53,9:16:11,9:20:32,0:04:21,911267020,0
53,9:05:38,9:10:20,0:04:42,910506020,0
53,9:07:32,9:10:20,0:02:49,910506020,0
5,8:48:03,8:57:17,0:09:14,911370020,0
14,8:47:38,8:53:44,0:06:06,911880020,0
23,8:56:38,9:00:46,0:04:08,911880020,0
45,9:14:51,9:17:43,0:02:51,911880020,0
18,9:16:39,9:18:13,0:01:34,911905030,0
32,8:54:23,8:58:48,0:04:25,911267020,0
44,8:43:02,9:12:10,0:29:09,911267020,1
23,8:40:11,8:44:31,0:04:20,910506020,0
39,8:50:25,8:58:40,0:08:15,910506020,0
54,9:08:51,9:11:44,0:02:53,910506020,0
56,9:09:07,9:15:35,0:06:27,910506020,0
57,9:16:52,9:19:39,0:02:47,910506020,0
0,9:09:03,9:17:16,0:08:13,911217020,0
10,9:14:26,9:22:43,0:08:17,911217020,0
9,9:05:06,9:11:22,0:06:16,911905030,0
9,9:09:43,9:11:22,0:01:39,911905030,0
10,9:09:18,9:12:12,0:02:53,911905030,0
13,9:03:43,9:15:10,0:11:27,911905030,0
16,9:08:38,9:16:51,0:08:12,911905030,0
4,8:35:09,8:37:41,0:02:31,911267020,0
36,8:59:22,9:04:17,0:04:56,911267020,0
50,9:15:52,9:17:10,0:01:18,911267020,0
0,9:24:51,9:25:00,0:00:09,911290020,0
9,9:10:56,9:11:22,0:00:26,911905030,0
26,9:18:57,9:26:24,0:07:26,911905030,0
2,8:29:18,8:37:02,0:07:45,911267020,0
28,8:40:20,8:55:48,0:15:28,911267020,1
30,8:57:27,8:57:42,0:00:15,911267020,0
24,9:03:20,9:11:05,0:07:45,911370020,0
49,9:20:04,9:21:14,0:01:10,911880020,0
10,9:12:39,9:22:43,0:10:04,911217020,0
13,9:18:02,9:26:15,0:08:13,911217020,0
36,9:06:17,9:10:59,0:04:41,911880020,0
38,9:00:02,9:06:21,0:06:19,911267020,0
46,9:08:28,9:14:18,0:05:50,911267020,0
53,9:13:48,9:20:32,0:06:44,911267020,0
55,9:23:20,9:23:46,0:00:25,911267020,0
21,9:10:41,9:21:23,0:10:42,911905030,0
23,9:15:58,9:24:06,0:08:09,911905030,0
48,8:46:21,8:55:20,0:08:59,911953020,0
51,8:57:35,8:58:40,0:01:05,911953020,0
60,9:14:08,9:22:15,0:08:07,911953020,0
