boarding_stop,alighting_stop,arrival_time,times_denied,boarding_time,trip_id,alighting_time
3773,3775,21331.71661936677,0,21480.0,41321020,21539.116068805848
3773,3776,22069.256597176834,0,22080.0,19931020,22148.74258400298
3773,3788,20919.6589209124,0,21480.0,41321020,22224.30420760791
3776,4941,22129.62665205225,0,22148.74258400298,19931020,22340.442648110835
3776,4941,22135.62344711982,0,22148.74258400298,19931020,22340.442648110835
14582,4941,22164.110475454105,0,22206.912710045453,19931020,22340.442648110835
15461,4941,22144.828093733882,0,22233.145135247614,19931020,22340.442648110835
18393,4941,21959.516337549303,0,22275.209452340023,19931020,22340.442648110835
18393,4941,22019.821764584678,0,22275.209452340023,19931020,22340.442648110835
18393,4941,22137.19164916426,0,22275.209452340023,19931020,22340.442648110835
4945,17604,21302.364255863267,0,21917.91430721986,41321020,22352.56406098849
3788,17246,22099.57618928626,0,22224.30420760791,41321020,22430.317685933143
17603,17246,21681.161421349494,0,22263.996129348674,41321020,22430.317685933143
17603,17246,21811.737842087885,0,22263.996129348674,41321020,22430.317685933143
3773,3794,20038.396281955505,0,21480.0,41321020,22460.15057348667
3773,3794,20700.473218825282,0,21480.0,41321020,22460.15057348667
17247,3794,20092.958434559725,0,22133.85405651193,41321020,22460.15057348667
17247,3794,20618.25860686905,0,22133.85405651193,41321020,22460.15057348667
17247,3794,21609.232762225187,0,22133.85405651193,41321020,22460.15057348667
17247,3794,22018.70738765552,0,22133.85405651193,41321020,22460.15057348667
3787,3794,20427.465166496055,0,22187.897409868747,41321020,22460.15057348667
3788,3794,20655.35782364439,0,22224.30420760791,41321020,22460.15057348667
3788,3794,20783.949355091794,0,22224.30420760791,41321020,22460.15057348667
3788,3794,20868.109931048137,0,22224.30420760791,41321020,22460.15057348667
17603,3794,20227.261607057426,0,22263.996129348674,41321020,22460.15057348667
17603,3794,21207.70965463621,0,22263.996129348674,41321020,22460.15057348667
17603,3794,21694.29537632873,0,22263.996129348674,41321020,22460.15057348667
17603,3794,21779.550868691305,0,22263.996129348674,41321020,22460.15057348667
17603,3794,21980.918723737497,0,22263.996129348674,41321020,22460.15057348667
17604,3794,21131.475041564878,0,22352.56406098849,41321020,22460.15057348667
3791,3794,20005.13523342857,0,22372.592564135288,41321020,22460.15057348667
3791,3794,20464.258730796988,0,22372.592564135288,41321020,22460.15057348667
3791,3794,20864.57700473048,0,22372.592564135288,41321020,22460.15057348667
3791,3794,21361.084082072834,0,22372.592564135288,41321020,22460.15057348667
3792,3794,20021.935421322305,0,22404.260088855975,41321020,22460.15057348667
3773,17603,22081.16487409644,0,22098.74258400298,19931020,22679.782010999814
4941,3803,21605.586248057632,0,21825.709192932874,41321020,22787.994429144277
17603,3804,21600.788064944965,0,22263.996129348674,41321020,22827.928747474223
17246,3804,22096.492359838296,0,22430.317685933143,41321020,22827.928747474223
3773,3794,21646.73586321812,0,22080.0,19931020,22844.634199876942
3773,3794,21935.09867933964,0,22080.0,19931020,22844.634199876942
3788,3794,22476.102234304562,0,22612.452154270064,19931020,22844.634199876942
17603,3794,22332.05567211381,0,22679.782010999814,19931020,22844.634199876942
17603,3794,22499.779816992577,0,22679.782010999814,19931020,22844.634199876942
17603,3794,22531.9325556005,0,22679.782010999814,19931020,22844.634199876942
3791,3794,22644.34348413107,0,22718.874137490948,19931020,22844.634199876942
3791,3794,22695.30198741612,0,22718.874137490948,19931020,22844.634199876942
3802,3805,21990.186958965925,0,22716.728944584862,41321020,22905.079109127677
3804,3805,22611.262267904945,0,22827.928747474223,41321020,22905.079109127677
3804,3805,22612.06088898419,0,22827.928747474223,41321020,22905.079109127677
3804,18107,22251.31484409815,0,22827.928747474223,41321020,22946.210514985054
3788,3809,20357.323920738254,0,22224.30420760791,41321020,23087.54496314714
3794,3809,21864.890999834468,0,22460.15057348667,41321020,23087.54496314714
17245,3809,20970.456705300032,0,22571.575614859543,41321020,23087.54496314714
18352,3809,21694.98522494049,0,22596.76952722954,41321020,23087.54496314714
3807,3809,22533.741176914675,0,22991.10135620846,41321020,23087.54496314714
3808,3809,21960.534305278594,0,23042.323107296586,41321020,23087.54496314714
3808,3809,22029.192248622105,0,23042.323107296586,41321020,23087.54496314714
3808,3809,22229.305639056456,0,23042.323107296586,41321020,23087.54496314714
4941,3802,21974.945135270147,0,22340.442648110835,19931020,23106.16893833298
17246,3810,22421.563220358887,0,22430.317685933143,41321020,23137.93474008473
3805,3810,21098.55191325306,0,22905.079109127677,41321020,23137.93474008473
3809,3810,22511.66662536288,0,23087.54496314714,41321020,23137.93474008473
3777,4941,22776.250175060115,0,22905.32582120203,25444020,23172.810914080354
14582,4941,22562.373295867877,0,22965.65758351595,25444020,23172.810914080354
14582,4941,22645.40674385262,0,22965.65758351595,25444020,23172.810914080354
14582,4941,22815.080871717128,0,22965.65758351595,25444020,23172.810914080354
14582,4941,22852.730965870727,0,22965.65758351595,25444020,23172.810914080354
15461,4941,22414.416244617205,0,23008.577514828765,25444020,23172.810914080354
15461,4941,22981.346331105055,0,23008.577514828765,25444020,23172.810914080354
3791,3811,21096.982354539363,0,22372.592564135288,41321020,23185.837310192524
15931,3811,21032.694526761505,0,22641.035806416643,41321020,23185.837310192524
3804,3811,22290.266742052114,0,22827.928747474223,41321020,23185.837310192524
3773,3804,21628.682709817367,0,22080.0,19931020,23203.39200371191
3773,3804,21721.56116283976,0,22080.0,19931020,23203.39200371191
3811,3812,21801.568534144662,0,23185.837310192524,41321020,23242.838672714734
3795,18107,22569.609223705233,0,22883.911435351853,19931020,23285.87295211112
3801,18107,22874.856211983577,0,23062.05256751622,19931020,23285.87295211112
3811,3815,22367.83933110592,0,23185.837310192524,41321020,23343.52738453637
3811,3815,22540.827894189493,0,23185.837310192524,41321020,23343.52738453637
17245,3816,20553.62100796621,0,22571.575614859543,41321020,23381.609996989362
18352,3816,20079.92236724676,0,22596.76952722954,41321020,23381.609996989362
3805,3816,20597.894225243657,0,22905.079109127677,41321020,23381.609996989362
3814,3816,21140.153704365097,0,23315.49552724426,41321020,23381.609996989362
3773,3809,21787.13129527478,0,22080.0,19931020,23392.317076421394
3804,3809,23125.167277244695,0,23203.39200371191,19931020,23392.317076421394
3808,3809,23110.103043603027,0,23352.485563551836,19931020,23392.317076421394
3810,3818,22089.282939437904,0,23137.93474008473,41321020,23441.291881866742
4941,17247,22863.264877386777,0,23172.810914080354,25444020,23455.456430953436
3809,3810,23298.252234923402,0,23392.317076421394,19931020,23456.56306685156
3809,3810,23307.229074254225,0,23392.317076421394,19931020,23456.56306685156
3809,3810,23336.859622093958,0,23392.317076421394,19931020,23456.56306685156
3794,3821,19816.778021961676,0,22460.15057348667,41321020,23546.739909188607
3807,3823,21668.800389466516,0,22991.10135620846,41321020,23584.092387194647
4941,17603,22766.80536038863,0,23172.810914080354,25444020,23601.31385020812
3773,3815,21701.515273920057,0,22080.0,19931020,23629.7962451078
3820,17038,23492.34702888234,0,23511.2104286284,41321020,23634.779717105397
3776,4941,23031.148715861364,0,23334.744085047358,24619020,23647.959433328877
3776,4941,23123.585202538903,0,23334.744085047358,24619020,23647.959433328877
3777,4941,23116.664643426517,0,23363.578874338797,24619020,23647.959433328877
14582,4941,23231.18331737888,0,23400.88506067141,24619020,23647.959433328877
18393,4941,23333.739211889657,0,23515.606191208713,24619020,23647.959433328877
3773,14102,20683.651904939867,0,21480.0,41321020,23651.047484144146
4943,17604,22904.417181721627,0,23256.841533676015,25444020,23668.988194861464
4947,17604,23001.848538226517,0,23337.092028050818,25444020,23668.988194861464
3776,3816,21857.31386180011,0,22148.74258400298,19931020,23670.2630431326
4945,3816,22055.23581319693,0,22434.043773442467,19931020,23670.2630431326
17247,17246,23118.158937693028,0,23455.456430953436,25444020,23784.405657758773
3773,3794,22132.48780342864,0,22680.0,25444020,23863.01538174791
3773,3794,22236.98613827597,0,22680.0,25444020,23863.01538174791
3773,3794,22379.670881359492,0,22680.0,25444020,23863.01538174791
3773,3794,22579.143065654258,0,22680.0,25444020,23863.01538174791
3773,3794,22579.424083811,0,22680.0,25444020,23863.01538174791
3773,3794,22642.74396127367,0,22680.0,25444020,23863.01538174791
3773,3794,22678.402650862172,0,22680.0,25444020,23863.01538174791
3776,3794,22766.673271075175,0,22874.666349373972,25444020,23863.01538174791
17247,3794,23181.388667706302,0,23455.456430953436,25444020,23863.01538174791
17247,3794,23207.804943375897,0,23455.456430953436,25444020,23863.01538174791
3787,3794,23274.817544493042,0,23497.396826379732,25444020,23863.01538174791
3788,3794,22690.54756473239,0,23516.156021116072,25444020,23863.01538174791
3788,3794,23409.198193231015,0,23516.156021116072,25444020,23863.01538174791
17603,3794,23415.330813264885,0,23601.31385020812,25444020,23863.01538174791
17604,3794,23134.503600021937,0,23668.988194861464,25444020,23863.01538174791
17604,3794,23376.096466406107,0,23668.988194861464,25444020,23863.01538174791
17604,3794,23427.188567721427,0,23668.988194861464,25444020,23863.01538174791
3791,3794,22961.27952254104,0,23701.01411861858,25444020,23863.01538174791
3791,3794,23312.323547815144,0,23701.01411861858,25444020,23863.01538174791
17246,3794,23046.222268177986,0,23784.405657758773,25444020,23863.01538174791
4941,17247,23308.989810179515,0,23647.959433328877,24619020,23917.87903749324
3773,3788,22857.956286820354,0,23220.0,24619020,24010.062977470818
15461,3788,23065.45937646077,0,23437.027647978975,24619020,24010.062977470818
4943,3788,23720.977932531332,0,23728.16134809237,24619020,24010.062977470818
4941,17604,23387.890493944782,0,23647.959433328877,24619020,24170.930884215446
3773,3791,23222.36782544043,0,23229.577623545167,24619020,24199.917584880455
3791,17246,24118.931623166623,0,24199.917584880455,24619020,24257.020375379914
3795,3802,23066.936683096945,0,23952.816923933755,25444020,24277.428006732032
18352,3802,23787.086333949832,0,24022.3037093587,25444020,24277.428006732032
4941,3803,23031.935808794613,0,23172.810914080354,25444020,24313.763386920862
17604,3803,22948.811252616186,0,23668.988194861464,25444020,24313.763386920862
3773,3794,22918.310593094484,0,23220.0,24619020,24338.641592929736
3774,3794,22904.46813053683,0,23247.577623545167,24619020,24338.641592929736
17603,3794,23673.136792680703,0,24077.042316532195,24619020,24338.641592929736
17603,3794,23762.161573392175,0,24077.042316532195,24619020,24338.641592929736
17604,3794,23687.377492815194,0,24170.930884215446,24619020,24338.641592929736
3791,3794,23907.173441435745,0,24199.917584880455,24619020,24338.641592929736
3792,3794,23846.003104600124,0,24229.385787131407,24619020,24338.641592929736
3773,3804,22197.177464765475,0,22680.0,25444020,24359.954401949388
4941,3804,22959.052254391343,0,23172.810914080354,25444020,24359.954401949388
4947,3804,22500.37433278556,0,23337.092028050818,25444020,24359.954401949388
17247,3804,23114.606455686404,0,23455.456430953436,25444020,24359.954401949388
3794,3804,23410.809318252428,0,23863.01538174791,25444020,24359.954401949388
3794,3804,23511.79918460657,0,23863.01538174791,25444020,24359.954401949388
3794,3804,23728.998867799924,0,23863.01538174791,25444020,24359.954401949388
3795,3804,23280.610880425156,0,23952.816923933755,25444020,24359.954401949388
3788,3795,23532.402073874055,0,24010.062977470818,24619020,24384.130881401717
3791,17245,23721.07014264978,0,24199.917584880455,24619020,24417.193537069186
17603,3804,23921.523191775665,0,24077.042316532195,24619020,24698.236160063556
3794,3804,23990.776120382474,0,24338.641592929736,24619020,24698.236160063556
17245,3804,24273.580656446728,0,24417.193537069186,24619020,24698.236160063556
3792,3809,23551.5995274894,0,23740.871361628277,25444020,24716.21163729259
17246,3809,22798.062412941897,0,23784.405657758773,25444020,24716.21163729259
3803,3809,23955.264633262166,0,24313.763386920862,25444020,24716.21163729259
3804,3809,24280.266096819836,0,24359.954401949388,25444020,24716.21163729259
3776,4941,23789.81750577267,0,24409.458181698992,8564020,24746.00924479781
18393,4941,24387.506111204137,0,24609.815959374577,8564020,24746.00924479781
3801,3810,23772.500051406638,0,24213.859928461137,25444020,24755.302778369718
3804,3810,23617.224862919218,0,24359.954401949388,25444020,24755.302778369718
18107,3810,24301.517956416577,0,24498.513676605467,25444020,24755.302778369718
3808,3810,24282.094379507074,0,24621.117587868426,25444020,24755.302778369718
4947,3807,23612.466814006948,0,23823.57770413828,24619020,24834.081059945685
3804,3813,24225.815762457536,0,24359.954401949388,25444020,24866.80181790814
3794,3808,24247.882476075803,0,24338.641592929736,24619020,24878.367007853794
3775,3815,22196.42445297582,0,22804.122379430773,25444020,24957.782617403955
3773,3816,22662.377016597493,0,22680.0,25444020,25003.055215379838
18352,3816,23834.10528417573,0,24022.3037093587,25444020,25003.055215379838
15931,3816,24063.404735700504,0,24109.51552856262,25444020,25003.055215379838
3804,3816,23573.9497281992,0,24359.954401949388,25444020,25003.055215379838
18107,3816,23974.155507344567,0,24498.513676605467,25444020,25003.055215379838
3812,3816,23608.784966377814,0,24838.3640826306,25444020,25003.055215379838
17247,3810,23881.459245723912,0,23917.87903749324,24619020,25033.33583343906
3787,3810,23626.54689862502,0,23956.76653485723,24619020,25033.33583343906
17603,3810,23625.37170198479,0,24077.042316532195,24619020,25033.33583343906
3795,3810,24090.871014313176,0,24384.130881401717,24619020,25033.33583343906
3803,17133,23814.75930460652,0,24313.763386920862,25444020,25055.241098779625
3809,3818,24615.540242279894,0,24716.21163729259,25444020,25089.120543444653
3773,3788,23533.17837075188,0,24300.0,8564020,25132.802753215135
4945,3788,24559.25510528998,0,24868.692344168172,8564020,25132.802753215135
14582,17603,23967.61506705894,0,24517.16315119332,8564020,25220.82693774354
15461,17603,23909.976113925783,0,24543.715468026814,8564020,25220.82693774354
3773,3823,22139.038075750424,0,22680.0,25444020,25275.933071546995
3816,3823,24654.46482169097,0,25003.055215379838,25444020,25275.933071546995
15461,17604,23571.647353456938,0,24543.715468026814,8564020,25297.625861116685
3804,17038,23488.19664709138,0,24359.954401949388,25444020,25331.865155904932
3805,17038,24134.957179156187,0,24423.202646062935,25444020,25331.865155904932
18107,17038,23933.98861505114,0,24498.513676605467,25444020,25331.865155904932
18107,17038,24331.74602601733,0,24498.513676605467,25444020,25331.865155904932
3808,17038,24173.31324950504,0,24621.117587868426,25444020,25331.865155904932
3808,17038,24429.52649588993,0,24621.117587868426,25444020,25331.865155904932
3809,17038,23770.216551197896,0,24716.21163729259,25444020,25331.865155904932
3809,17038,24512.237809270664,0,24716.21163729259,25444020,25331.865155904932
3809,17038,24542.17516151943,0,24716.21163729259,25444020,25331.865155904932
3810,17038,24010.67856094498,0,24755.302778369718,25444020,25331.865155904932
3810,17038,24181.544260804265,0,24755.302778369718,25444020,25331.865155904932
3810,17038,24327.74625872284,0,24755.302778369718,25444020,25331.865155904932
3815,17038,24195.586309516602,0,24957.782617403955,25444020,25331.865155904932
3818,17038,24034.686486476145,0,25089.120543444653,25444020,25331.865155904932
3821,17038,24417.322631329782,0,25198.59068402129,25444020,25331.865155904932
3802,3816,24603.23364520484,0,24604.040768074537,24619020,25359.80276464794
3804,3816,24473.446434894675,0,24698.236160063556,24619020,25359.80276464794
3804,3816,24522.831109670806,0,24698.236160063556,24619020,25359.80276464794
3810,3816,25038.236391803573,0,25047.2716142606,24619020,25359.80276464794
3775,3792,23715.513468645524,0,24354.84069576078,8564020,25377.76619994878
3808,14102,24580.08208062718,0,24621.117587868426,25444020,25381.73460526818
3812,14102,24682.36499996551,0,24838.3640826306,25444020,25381.73460526818
3815,14102,23858.734759850457,0,24957.782617403955,25444020,25381.73460526818
17038,14102,24254.177429753647,0,25331.865155904932,25444020,25381.73460526818
17038,14102,24405.696958423643,0,25331.865155904932,25444020,25381.73460526818
17038,14102,24881.906977296727,0,25331.865155904932,25444020,25381.73460526818
17038,14102,24902.388619080295,0,25331.865155904932,25444020,25381.73460526818
3773,3794,23638.235175238322,0,24300.0,8564020,25542.346991710132
3773,3794,24189.341394649182,0,24300.0,8564020,25542.346991710132
3773,3794,24319.51233742915,0,24319.84069576078,8564020,25542.346991710132
3775,3794,23332.26679777678,0,24354.84069576078,8564020,25542.346991710132
3775,3794,23378.399041317633,0,24354.84069576078,8564020,25542.346991710132
3775,3794,24076.016480332113,0,24354.84069576078,8564020,25542.346991710132
3776,3794,24075.50730174656,0,24409.458181698992,8564020,25542.346991710132
3788,3794,24045.305773468393,0,25132.802753215135,8564020,25542.346991710132
3788,3794,24513.549659199904,0,25132.802753215135,8564020,25542.346991710132
3788,3794,24537.895429515404,0,25132.802753215135,8564020,25542.346991710132
3788,3794,24622.732536305408,0,25132.802753215135,8564020,25542.346991710132
17603,3794,24161.618699323237,0,25220.82693774354,8564020,25542.346991710132
17603,3794,24553.860679020552,0,25220.82693774354,8564020,25542.346991710132
17603,3794,24571.591119632623,0,25220.82693774354,8564020,25542.346991710132
17603,3794,24617.72962040929,0,25220.82693774354,8564020,25542.346991710132
17603,3794,24846.23223483824,0,25220.82693774354,8564020,25542.346991710132
17603,3794,24927.720402135557,0,25220.82693774354,8564020,25542.346991710132
17603,3794,25105.34686622716,0,25220.82693774354,8564020,25542.346991710132
17604,3794,25277.456627148433,0,25297.625861116685,8564020,25542.346991710132
3791,3794,24675.02969167116,0,25328.85700047357,8564020,25542.346991710132
3791,3794,25110.941612809376,0,25328.85700047357,8564020,25542.346991710132
3792,3794,24476.165563247967,0,25377.76619994878,8564020,25542.346991710132
3792,3794,25350.195293868208,0,25377.76619994878,8564020,25542.346991710132
3776,3795,23427.946161661894,0,24409.458181698992,8564020,25617.662906846268
3776,3795,24188.374134163627,0,24409.458181698992,8564020,25617.662906846268
3788,3795,25106.417724926967,0,25132.802753215135,8564020,25617.662906846268
3773,17245,23760.60292626536,0,24300.0,8564020,25654.4986612645
3816,3823,25309.973163209925,0,25359.80276464794,24619020,25673.857624987468
18352,15931,25685.28600422078,0,25688.777857142493,8564020,25732.84105622477
3804,17038,24562.184905988917,0,24698.236160063556,24619020,25735.90759494307
18107,17038,24665.767672493814,0,24797.87218110724,24619020,25735.90759494307
18107,17038,24716.872573529705,0,24797.87218110724,24619020,25735.90759494307
3810,17038,24800.176438820963,0,25033.33583343906,24619020,25735.90759494307
17604,14102,23996.470384957123,0,24170.930884215446,24619020,25764.655226403574
3814,14102,25150.883437041215,0,25262.2716142606,24619020,25764.655226403574
17038,14102,25406.82465089478,0,25735.90759494307,24619020,25764.655226403574
17038,14102,25556.49515627213,0,25735.90759494307,24619020,25764.655226403574
3791,3801,24852.660939330886,0,25328.85700047357,8564020,25843.958138233247
3791,3801,25043.675062067938,0,25328.85700047357,8564020,25843.958138233247
3794,3804,24991.366660904307,0,25542.346991710132,8564020,26123.716567318523
3794,3804,25231.60918137682,0,25542.346991710132,8564020,26123.716567318523
15931,3804,25135.27435281306,0,25732.84105622477,8564020,26123.716567318523
17603,18107,24619.329970778992,0,25220.82693774354,8564020,26277.653717483612
3775,18393,25866.99421256484,0,25981.841773289394,34233020,26367.46871961488
4941,3808,24177.00177264728,0,24746.00924479781,8564020,26379.736387265566
15948,3808,25384.030355005798,0,25788.36157917179,8564020,26379.736387265566
15948,3808,25602.6440728094,0,25788.36157917179,8564020,26379.736387265566
14582,5348,26123.06071899597,0,26178.61819047721,34233020,26416.26177041259
3773,3809,23827.07991400197,0,24300.0,8564020,26499.261869735576
14582,3809,23428.29693462032,0,24517.16315119332,8564020,26499.261869735576
15461,3809,24225.06683708323,0,24543.715468026814,8564020,26499.261869735576
18352,3809,25378.098657639246,0,25688.777857142493,8564020,26499.261869735576
3801,3809,25487.00195164638,0,25843.958138233247,8564020,26499.261869735576
3805,3809,26034.83456677607,0,26199.4030591342,8564020,26499.261869735576
3776,4941,25004.406510148863,0,26088.682804282857,34233020,26554.535747840142
14582,4941,24691.585888689755,0,26178.61819047721,34233020,26554.535747840142
14582,4941,25321.51388264969,0,26178.61819047721,34233020,26554.535747840142
14582,4941,25708.920850897728,0,26178.61819047721,34233020,26554.535747840142
18352,3810,25664.04690882287,0,25688.777857142493,8564020,26568.354969501943
3802,3810,25227.97870775493,0,25979.31798689181,8564020,26568.354969501943
3804,3810,25688.254316714374,0,26123.716567318523,8564020,26568.354969501943
3807,3810,26219.455006020067,0,26327.13973419007,8564020,26568.354969501943
3776,3814,23510.58973379303,0,24409.458181698992,8564020,26813.30521907536
3775,17247,25224.407184302556,0,25981.841773289394,34233020,26899.678215905897
3773,3816,23439.363853842096,0,24300.0,8564020,26905.54132760087
3788,3816,24601.095995443204,0,25132.802753215135,8564020,26905.54132760087
17603,3816,24094.996204542,0,25220.82693774354,8564020,26905.54132760087
17603,3816,24101.04733617458,0,25220.82693774354,8564020,26905.54132760087
17603,3816,24664.604609906484,0,25220.82693774354,8564020,26905.54132760087
17245,3816,24592.355957925905,0,25654.4986612645,8564020,26905.54132760087
17245,3816,25465.357751076153,0,25654.4986612645,8564020,26905.54132760087
18352,3816,25656.21290050211,0,25688.777857142493,8564020,26905.54132760087
15948,3816,25284.666560127946,0,25788.36157917179,8564020,26905.54132760087
3803,3816,25712.72759477029,0,26045.85001735089,8564020,26905.54132760087
3808,3816,26071.58799772672,0,26379.736387265566,8564020,26905.54132760087
3811,3816,26004.08247267086,0,26603.844025594324,8564020,26905.54132760087
3813,3816,26450.2003170914,0,26705.38057597832,8564020,26905.54132760087
3814,3816,25957.41971657806,0,26813.30521907536,8564020,26905.54132760087
3814,3816,26342.336169421753,0,26813.30521907536,8564020,26905.54132760087
3773,17133,23464.269297770847,0,24300.0,8564020,26973.48763963945
3773,3788,24422.91485115669,0,25890.0,34233020,27019.704801426662
4941,3788,25758.48283882333,0,26554.535747840142,34233020,27019.704801426662
3773,4943,26376.138893839838,0,26400.0,6934020,27047.121122488712
3773,17603,24366.22254687468,0,25890.0,34233020,27097.375871723598
14582,17603,25612.90473268368,0,26178.61819047721,34233020,27097.375871723598
14582,17603,26201.108476420035,0,26205.116496133833,34233020,27097.375871723598
4943,17603,25795.174422698343,0,26642.889336059754,34233020,27097.375871723598
4947,17603,25370.000416676405,0,26778.99867076452,34233020,27097.375871723598
4947,17603,26326.108930011516,0,26778.99867076452,34233020,27097.375871723598
14582,17604,25436.00138122358,0,26178.61819047721,34233020,27207.01648908198
14582,17604,25756.10072055664,0,26178.61819047721,34233020,27207.01648908198
14582,17604,25766.739858782516,0,26178.61819047721,34233020,27207.01648908198
15461,17604,25807.04396523307,0,26234.116496133833,34233020,27207.01648908198
5348,17604,25307.893035067802,0,26416.26177041259,34233020,27207.01648908198
4941,17604,25313.7252676761,0,26554.535747840142,34233020,27207.01648908198
4941,17604,25446.790170981636,0,26554.535747840142,34233020,27207.01648908198
4941,17604,26250.972466405317,0,26554.535747840142,34233020,27207.01648908198
4941,17604,26253.713330053375,0,26554.535747840142,34233020,27207.01648908198
3816,3820,26222.062159796416,0,26905.54132760087,8564020,27208.22354369974
18352,3823,25314.535460546973,0,25688.777857142493,8564020,27293.330070711854
3804,3823,25424.79963466861,0,26123.716567318523,8564020,27293.330070711854
3804,3823,25807.361720590412,0,26123.716567318523,8564020,27293.330070711854
3804,3823,25908.581739056997,0,26123.716567318523,8564020,27293.330070711854
3773,17246,25016.224184680814,0,25890.0,34233020,27330.052294539997
4945,17038,24692.750057665027,0,24868.692344168172,8564020,27386.484744228033
3802,17038,24766.994034038984,0,25979.31798689181,8564020,27386.484744228033
3804,17038,26022.66872739686,0,26123.716567318523,8564020,27386.484744228033
3805,17038,25308.234536164848,0,26199.4030591342,8564020,27386.484744228033
3807,17038,25264.684178304287,0,26327.13973419007,8564020,27386.484744228033
3807,17038,25864.051158651775,0,26327.13973419007,8564020,27386.484744228033
3808,17038,25032.504855007195,0,26379.736387265566,8564020,27386.484744228033
3809,17038,25604.1038361309,0,26499.261869735576,8564020,27386.484744228033
3810,17038,25877.98657789394,0,26568.354969501943,8564020,27386.484744228033
14582,4941,27124.023026158375,0,27193.635135562767,18412020,27419.338021227024
3773,3794,24379.16159544328,0,25890.0,34233020,27424.716816101114
3773,3794,24939.96158269141,0,25890.0,34233020,27424.716816101114
3773,3794,24941.431362539137,0,25890.0,34233020,27424.716816101114
3773,3794,24976.305839879096,0,25890.0,34233020,27424.716816101114
3773,3794,25598.68372593449,0,25890.0,34233020,27424.716816101114
3775,3794,25583.788965991054,0,25981.841773289394,34233020,27424.716816101114
3775,3794,25783.38202513837,0,25981.841773289394,34233020,27424.716816101114
5348,3794,25639.22981823496,0,26416.26177041259,34233020,27424.716816101114
4943,3794,26106.501541536945,0,26642.889336059754,34233020,27424.716816101114
4945,3794,25824.93514486423,0,26700.602974163263,34233020,27424.716816101114
3788,3794,25544.941833147583,1,27027.375871723598,34233020,27424.716816101114
17603,3794,25288.363553183808,1,27111.01648908198,34233020,27424.716816101114
17603,3794,25325.098435847398,1,27111.01648908198,34233020,27424.716816101114
17603,3794,25342.852756911543,1,27111.01648908198,34233020,27424.716816101114
17603,3794,25481.623555189053,1,27111.01648908198,34233020,27424.716816101114
17603,3794,25527.644652362527,1,27111.01648908198,34233020,27424.716816101114
17603,3794,25636.041613306006,1,27111.01648908198,34233020,27424.716816101114
17604,3794,25307.525888905697,1,27225.445305503665,34233020,27424.716816101114
17604,3794,25510.13439959782,1,27225.445305503665,34233020,27424.716816101114
17604,3794,25836.07728453765,1,27225.445305503665,34233020,27424.716816101114
17604,3794,25917.229104651276,1,27225.445305503665,34233020,27424.716816101114
3791,3794,25494.456690111114,0,27248.445305503665,34233020,27424.716816101114
3791,3794,26289.26668830411,0,27248.445305503665,34233020,27424.716816101114
18352,14102,25677.268655993917,0,25688.777857142493,8564020,27435.08423672343
3804,14102,24766.9411292934,0,26123.716567318523,8564020,27435.08423672343
18107,14102,25087.04701700332,0,26277.653717483612,8564020,27435.08423672343
18107,14102,25825.227438601563,0,26277.653717483612,8564020,27435.08423672343
3809,14102,25436.416292748618,0,26499.261869735576,8564020,27435.08423672343
3818,14102,26639.763067115455,0,27101.159973654176,8564020,27435.08423672343
3819,14102,26932.26869591786,0,27167.987912679113,8564020,27435.08423672343
3820,14102,25631.204416110228,0,27208.22354369974,8564020,27435.08423672343
3820,14102,25695.67800328075,0,27208.22354369974,8564020,27435.08423672343
17038,14102,25802.765098425523,0,27386.484744228033,8564020,27435.08423672343
17038,14102,26029.282958746233,0,27386.484744228033,8564020,27435.08423672343
17038,14102,26367.49907987774,0,27386.484744228033,8564020,27435.08423672343
17038,14102,26417.756035237348,0,27386.484744228033,8564020,27435.08423672343
17038,14102,26422.801964537106,0,27386.484744228033,8564020,27435.08423672343
17038,14102,27055.35797586832,0,27386.484744228033,8564020,27435.08423672343
17038,14102,27232.367654223282,0,27386.484744228033,8564020,27435.08423672343
3773,3788,26365.95944459557,0,26400.0,6934020,27461.05358660366
4941,3788,26807.544378482355,0,26998.33980000633,6934020,27461.05358660366
3773,3795,24615.01676830751,0,25890.0,34233020,27503.160805824933
3775,3795,25660.26808728472,0,25981.841773289394,34233020,27503.160805824933
5348,3795,25913.729098265965,0,26416.26177041259,34233020,27503.160805824933
18393,17603,26804.475388972358,0,26813.149424507264,6934020,27520.53024401931
4943,17603,26931.47294858517,0,27047.121122488712,6934020,27520.53024401931
4947,17603,26692.89302425362,2,27156.12655588137,6934020,27520.53024401931
3773,4945,26744.33886570329,0,26880.0,18412020,27542.860442415837
14582,4945,26688.16681175301,0,27193.635135562767,18412020,27542.860442415837
3773,17245,25238.20285548493,0,25890.0,34233020,27548.918851510192
17247,17245,25189.701237385463,1,26906.704801426662,34233020,27548.918851510192
17246,17245,26324.924711059204,1,27336.716816101114,34233020,27548.918851510192
3794,18352,26098.24582130561,1,27466.160805824933,34233020,27596.56912926052
3773,4947,26646.154612523045,0,26880.0,18412020,27636.73100306798
14582,4947,26817.312687916223,0,27193.635135562767,18412020,27636.73100306798
4947,17604,25978.802417764324,2,27156.12655588137,6934020,27651.22913470591
4945,15931,26455.701363103362,0,26700.602974163263,34233020,27700.532319414535
18352,15931,26093.39438810654,0,27596.56912926052,34233020,27700.532319414535
3776,18393,27055.34520686309,0,27557.659332341045,14714020,27744.031534243313
18352,15948,26136.230879262213,0,27596.56912926052,34233020,27765.31485777343
3794,3801,26656.724393562887,1,27466.160805824933,34233020,27804.38190849959
3773,3788,26857.980401752924,0,26880.0,18412020,27859.299359103374
18393,3788,27055.853702163877,0,27330.36635144458,18412020,27859.299359103374
5348,3788,27011.794649827563,0,27360.15836153329,18412020,27859.299359103374
17247,3788,27491.609846898416,0,27776.03873001215,18412020,27859.299359103374
3773,3794,26161.99342675964,0,26400.0,6934020,27861.127722249195
3773,3794,26191.449074314158,0,26400.0,6934020,27861.127722249195
3773,3794,26349.67312479566,0,26400.0,6934020,27861.127722249195
3774,3794,26209.163710645786,0,26443.15814859539,6934020,27861.127722249195
14582,3794,26253.90181753365,0,26668.829475638715,6934020,27861.127722249195
4943,3794,26694.656692260654,0,27047.121122488712,6934020,27861.127722249195
4943,3794,26798.842173166977,0,27047.121122488712,6934020,27861.127722249195
4945,3794,26961.471043381727,0,27100.587769853144,6934020,27861.127722249195
4947,3794,25812.55993226022,2,27156.12655588137,6934020,27861.127722249195
4947,3794,26130.1086422714,2,27156.12655588137,6934020,27861.127722249195
4947,3794,26208.123066878266,2,27156.12655588137,6934020,27861.127722249195
4947,3794,26971.65541279905,0,27156.12655588137,6934020,27861.127722249195
17247,3794,26473.559330484768,2,27365.467130637087,6934020,27861.127722249195
17247,3794,27205.013786226813,0,27365.467130637087,6934020,27861.127722249195
3787,3794,26819.169918624302,2,27411.157244798327,6934020,27861.127722249195
3788,3794,25852.753659310274,2,27461.05358660366,6934020,27861.127722249195
3788,3794,25933.52263882767,2,27461.05358660366,6934020,27861.127722249195
3788,3794,26131.170701887248,2,27461.05358660366,6934020,27861.127722249195
3788,3794,26249.379799565708,2,27461.05358660366,6934020,27861.127722249195
3788,3794,26284.999252552658,2,27461.05358660366,6934020,27861.127722249195
3788,3794,26457.73513536793,2,27461.05358660366,6934020,27861.127722249195
3788,3794,26545.594271777463,2,27461.05358660366,6934020,27861.127722249195
3788,3794,26821.006691391005,2,27461.05358660366,6934020,27861.127722249195
17603,3794,26011.074110022386,2,27520.53024401931,6934020,27861.127722249195
17603,3794,26325.901932239758,2,27520.53024401931,6934020,27861.127722249195
17603,3794,26771.693558377596,2,27520.53024401931,6934020,27861.127722249195
17603,3794,26970.33407361692,2,27520.53024401931,6934020,27861.127722249195
17603,3794,26973.711018374313,2,27520.53024401931,6934020,27861.127722249195
17603,3794,26993.99212646251,2,27520.53024401931,6934020,27861.127722249195
17603,3794,27111.44189751479,0,27520.53024401931,6934020,27861.127722249195
17603,3794,27111.78639714905,0,27520.53024401931,6934020,27861.127722249195
17603,3794,27360.40049862861,0,27520.53024401931,6934020,27861.127722249195
17603,3794,27416.115688780716,0,27520.53024401931,6934020,27861.127722249195
17603,3794,27464.589247297106,0,27520.53024401931,6934020,27861.127722249195
17603,3794,27496.93996594526,1,27567.22913470591,6934020,27861.127722249195
17604,3794,27248.335731936928,0,27651.22913470591,6934020,27861.127722249195
3791,3794,26428.095330993903,2,27686.619404161283,6934020,27861.127722249195
3792,3794,25577.23808711557,2,27732.765844900525,6934020,27861.127722249195
17603,3795,26276.203662038308,2,27520.53024401931,6934020,27967.440212852787
4941,3803,25775.56850067467,0,26554.535747840142,34233020,27971.592494539254
4943,3803,25907.02030659983,0,26642.889336059754,34233020,27971.592494539254
3776,4945,27402.313870137947,0,27557.659332341045,14714020,28004.47414063744
3773,3804,25537.838208928224,0,25890.0,34233020,28042.82455579366
4941,3804,25739.197810774647,0,26554.535747840142,34233020,28042.82455579366
17604,3804,26506.980722110224,1,27225.445305503665,34233020,28042.82455579366
3794,3804,27194.571818187957,1,27466.160805824933,34233020,28042.82455579366
3795,3804,25986.023822107036,0,27503.160805824933,34233020,28042.82455579366
17245,3804,26456.358292762656,0,27548.918851510192,34233020,28042.82455579366
17245,3804,27276.193670730907,0,27548.918851510192,34233020,28042.82455579366
3773,4947,27012.711830011016,0,27360.0,14714020,28043.624200268234
14582,4947,27263.414507691017,0,27654.89405736198,14714020,28043.624200268234
14582,4947,27448.466379126177,0,27654.89405736198,14714020,28043.624200268234
14582,17604,26800.054588601364,0,27193.635135562767,18412020,28095.80051247748
4947,17604,27248.52930625135,0,27636.73100306798,18412020,28095.80051247748
3777,18107,25173.56860676431,0,26122.79281092844,34233020,28143.933566903066
3794,18107,25846.28124008595,1,27466.160805824933,34233020,28143.933566903066
18352,18107,26676.240841803537,0,27596.56912926052,34233020,28143.933566903066
17604,3807,26663.812625750517,1,27225.445305503665,34233020,28182.345635578586
4941,17247,27614.12763476211,0,27876.88659876735,14714020,28225.072507823912
4941,17247,27863.710492104387,0,27876.88659876735,14714020,28225.072507823912
4947,17247,27891.68987387682,0,28043.624200268234,14714020,28225.072507823912
14582,4941,27982.20177459716,0,28066.367538178314,25938020,28234.569907923145
3794,3808,27089.807779091847,1,27466.160805824933,34233020,28248.294636774022
17245,3808,26524.704191690023,0,27548.918851510192,34233020,28248.294636774022
18352,3808,26760.621838786377,0,27596.56912926052,34233020,28248.294636774022
18352,3808,26968.597385862875,0,27596.56912926052,34233020,28248.294636774022
15931,3808,27697.00562917145,0,27700.532319414535,34233020,28248.294636774022
3801,3808,26097.179166470905,0,27804.38190849959,34233020,28248.294636774022
3804,3808,27278.992786646642,1,28064.933566903066,34233020,28248.294636774022
3804,3808,27384.146808552054,1,28064.933566903066,34233020,28248.294636774022
4941,3803,26929.655425334433,0,26998.33980000633,6934020,28293.018012990884
18352,3803,27988.962256785704,0,28056.478593193806,6934020,28293.018012990884
14582,3809,25305.46030482267,0,26178.61819047721,34233020,28323.561660396474
3788,3809,26540.228022117528,1,27027.375871723598,34233020,28323.561660396474
3794,3809,27007.67866286572,1,27466.160805824933,34233020,28323.561660396474
15931,3809,26468.079404315682,0,27700.532319414535,34233020,28323.561660396474
3802,3809,26907.434704519615,0,27881.939347695916,34233020,28323.561660396474
3804,3809,27554.695591547137,1,28064.933566903066,34233020,28323.561660396474
4947,3788,27850.508899377055,0,28043.624200268234,14714020,28342.939470090332
3773,3804,25970.34139258501,0,26400.0,6934020,28365.152990347426
4941,3804,26739.284051648054,0,26998.33980000633,6934020,28365.152990347426
17603,3804,26347.861897167473,2,27520.53024401931,6934020,28365.152990347426
17603,3804,26788.527117141613,2,27520.53024401931,6934020,28365.152990347426
3794,3804,27652.911552782916,1,27926.440212852787,6934020,28365.152990347426
3794,3804,27797.862137318498,1,27926.440212852787,6934020,28365.152990347426
3775,3794,26539.2173018609,0,26933.772738413234,18412020,28430.568832385663
15461,3794,26990.33880404358,0,27241.256730236426,18412020,28430.568832385663
4947,3794,27595.57171542014,0,27636.73100306798,18412020,28430.568832385663
3787,3794,27462.551868481878,0,27836.91336876988,18412020,28430.568832385663
3788,3794,27497.85672106248,0,27859.299359103374,18412020,28430.568832385663
17603,3794,27600.068135642305,0,27968.17875740394,18412020,28430.568832385663
17603,3794,27650.538096844248,0,27968.17875740394,18412020,28430.568832385663
17603,3794,27754.290972183167,0,27968.17875740394,18412020,28430.568832385663
17604,3794,28008.504767040602,0,28095.80051247748,18412020,28430.568832385663
17604,3794,28043.199677515793,0,28095.80051247748,18412020,28430.568832385663
3791,3794,27763.727570199775,0,28131.523510859784,18412020,28430.568832385663
3791,3794,27980.076696386834,0,28131.523510859784,18412020,28430.568832385663
3792,3794,25625.312084392936,4,28195.29770006904,18412020,28430.568832385663
3792,3794,26042.860577985623,4,28195.29770006904,18412020,28430.568832385663
3792,3794,26081.986994051054,4,28195.29770006904,18412020,28430.568832385663
3792,3794,26784.547800274326,4,28195.29770006904,18412020,28430.568832385663
3792,3794,27921.55208526069,0,28195.29770006904,18412020,28430.568832385663
17246,3794,26004.1630750553,4,28312.016895550936,18412020,28430.568832385663
4941,17603,27706.552046240122,0,27876.88659876735,14714020,28444.583108906583
4947,17603,27988.126599573494,0,28043.624200268234,14714020,28444.583108906583
17247,17603,28144.88014473097,0,28225.072507823912,14714020,28444.583108906583
3773,3810,25000.08104033747,0,25890.0,34233020,28468.81732013877
4947,3810,24962.235610960517,0,26778.99867076452,34233020,28468.81732013877
4947,3810,24968.246877281286,0,26778.99867076452,34233020,28468.81732013877
3794,3810,26861.93569412356,1,27466.160805824933,34233020,28468.81732013877
3802,3810,26971.715160830794,0,27881.939347695916,34233020,28468.81732013877
3804,3810,26876.687646285187,0,28042.82455579366,34233020,28468.81732013877
3804,3810,27144.299144943914,1,28064.933566903066,34233020,28468.81732013877
3804,3810,27960.321170554904,1,28064.933566903066,34233020,28468.81732013877
3804,3810,27968.7447343257,1,28064.933566903066,34233020,28468.81732013877
3804,3810,28057.876936068333,0,28064.933566903066,34233020,28468.81732013877
18107,3810,27666.337607470632,1,28153.345635578586,34233020,28468.81732013877
17603,3795,27684.009041266796,0,27968.17875740394,18412020,28503.70839160691
14582,17247,27905.081594781845,0,28066.367538178314,25938020,28503.7700021661
4941,3788,28046.585278636023,0,28234.569907923145,25938020,28565.964554247665
17603,3808,25686.531461657538,2,27520.53024401931,6934020,28569.748589022754
17603,3808,26987.869495657138,2,27520.53024401931,6934020,28569.748589022754
3808,3812,27142.404674368612,1,28266.561660396474,34233020,28608.91071272813
17246,18352,26636.264426936905,4,28312.016895550936,18412020,28620.426786794153
3774,3813,25383.320494425097,0,25952.636885557164,34233020,28645.462759756814
3811,3813,27134.79120809784,0,28560.42274172112,34233020,28645.462759756814
3811,3813,27252.99832262353,0,28560.42274172112,34233020,28645.462759756814
4947,17603,28169.50210927178,0,28392.90585553796,25938020,28655.614367125992
17247,17603,28446.221070351774,0,28503.7700021661,25938020,28655.614367125992
17247,3792,27939.296363771282,0,28225.072507823912,14714020,28659.763349006153
3773,3809,26368.174113668425,0,26400.0,6934020,28690.268983566577
17247,3809,26243.818180100257,2,27365.467130637087,6934020,28690.268983566577
3805,3809,26668.723385753743,2,28417.742180985286,6934020,28690.268983566577
3794,3814,26437.001507038603,1,27466.160805824933,34233020,28690.918188400854
17246,15931,27827.33856368866,0,28312.016895550936,18412020,28698.09548317474
3773,3815,25062.520186013324,0,25890.0,34233020,28749.979620998736
3810,3815,27889.304038816743,0,28468.81732013877,34233020,28749.979620998736
3811,3815,27195.899442738788,0,28560.42274172112,34233020,28749.979620998736
3811,3815,27777.959058169035,0,28560.42274172112,34233020,28749.979620998736
3811,3815,27246.346784080026,0,28560.42274172112,34233020,28749.979620998736
3776,4941,28361.93970772864,0,28426.240354395235,31303020,28784.38402053481
3776,4941,28404.342740855045,0,28426.240354395235,31303020,28784.38402053481
15461,4941,28435.330579206282,0,28566.792782292323,31303020,28784.38402053481
3788,3810,26841.700351566375,2,27461.05358660366,6934020,28845.177015516405
3805,3810,26751.988686629407,2,28417.742180985286,6934020,28845.177015516405
3805,3810,28042.83835796063,2,28417.742180985286,6934020,28845.177015516405
3773,3816,25451.215812663417,0,25890.0,34233020,28846.74733959982
3773,3816,25508.57993918547,0,25890.0,34233020,28846.74733959982
3773,3816,25538.601052757826,0,25890.0,34233020,28846.74733959982
3773,3816,25605.787796011915,0,25890.0,34233020,28846.74733959982
3773,3816,25890.684236754292,0,25930.636885557164,34233020,28846.74733959982
14582,3816,25842.613022148158,0,26178.61819047721,34233020,28846.74733959982
4943,3816,26595.84726205885,0,26642.889336059754,34233020,28846.74733959982
3795,3816,26394.623110043816,0,27503.160805824933,34233020,28846.74733959982
3795,3816,26931.500743645465,0,27503.160805824933,34233020,28846.74733959982
17245,3816,27068.60926384732,0,27548.918851510192,34233020,28846.74733959982
18352,3816,26453.010352384896,0,27596.56912926052,34233020,28846.74733959982
15948,3816,25964.18086893322,0,27765.31485777343,34233020,28846.74733959982
15948,3816,27724.788217837147,0,27765.31485777343,34233020,28846.74733959982
3802,3816,27717.206808164414,0,27881.939347695916,34233020,28846.74733959982
3808,3816,28186.16405132308,1,28266.561660396474,34233020,28846.74733959982
3810,3816,27365.474378233863,0,28468.81732013877,34233020,28846.74733959982
3811,3816,26968.559747641895,0,28560.42274172112,34233020,28846.74733959982
3811,3816,27659.104675311264,0,28560.42274172112,34233020,28846.74733959982
3813,3816,26781.69644291108,0,28645.462759756814,34233020,28846.74733959982
3813,3816,28437.801514607574,0,28645.462759756814,34233020,28846.74733959982
14582,3803,26788.57256140679,0,27193.635135562767,18412020,28858.63089310129
4941,3803,27291.483205345798,0,27419.338021227024,18412020,28858.63089310129
4945,3803,27147.11177148555,0,27542.860442415837,18412020,28858.63089310129
4945,3803,27443.99816374173,0,27542.860442415837,18412020,28858.63089310129
4941,3804,27254.749879212766,0,27419.338021227024,18412020,28901.830779192693
3788,3804,27506.092035821202,0,27859.299359103374,18412020,28901.830779192693
3777,3794,27458.9019227509,0,27591.24101641312,14714020,28905.57056695624
18393,3794,27392.0993127105,0,27744.031534243313,14714020,28905.57056695624
17247,3794,28066.192462578278,0,28225.072507823912,14714020,28905.57056695624
3787,3794,27978.768610419433,0,28266.374551327975,14714020,28905.57056695624
3788,3794,27934.997000935968,0,28342.939470090332,14714020,28905.57056695624
17603,3794,28328.655442995067,0,28444.583108906583,14714020,28905.57056695624
17604,3794,28363.635378817544,0,28502.696781928254,14714020,28905.57056695624
3792,3794,28645.221738138254,0,28659.763349006153,14714020,28905.57056695624
3773,15461,28361.451289188197,0,28650.0,21873020,28907.403507184048
3794,17133,26555.070813139817,1,27466.160805824933,34233020,28909.3266031706
3811,17133,27906.754031909637,0,28560.42274172112,34233020,28909.3266031706
3809,3818,26756.544271234867,0,28323.561660396474,34233020,28960.329511174827
3814,3818,28350.978147399208,0,28690.918188400854,34233020,28960.329511174827
4943,3812,26751.77513233108,0,27047.121122488712,6934020,28963.415585039045
3816,3820,27329.99704155664,0,28846.74733959982,34233020,29022.65005329462
3816,3821,28844.92134778435,0,28846.74733959982,34233020,29047.390782343013
3810,3815,28662.471806850062,0,28845.177015516405,6934020,29094.809765461745
3773,3794,27714.80403000853,0,27810.0,25938020,29103.403679436873
4943,3794,27989.69943346758,0,28293.935519113315,25938020,29103.403679436873
3787,3794,28363.789926713456,0,28542.842919532544,25938020,29103.403679436873
3787,3794,28461.667893527425,0,28542.842919532544,25938020,29103.403679436873
17603,3794,28566.177686100735,0,28655.614367125992,25938020,29103.403679436873
17603,3794,28589.511951495548,0,28655.614367125992,25938020,29103.403679436873
17604,3794,28541.166140754376,0,28710.05411236079,25938020,29103.403679436873
3776,3816,26131.48081501638,0,26579.689667327522,6934020,29125.938451691563
17247,3816,25962.713695096754,2,27365.467130637087,6934020,29125.938451691563
17247,3816,25963.779658241005,2,27365.467130637087,6934020,29125.938451691563
17603,3816,26588.109224919786,2,27520.53024401931,6934020,29125.938451691563
15948,3816,27987.17488408908,0,28144.894081810096,6934020,29125.938451691563
3805,3816,27607.477581738134,2,28417.742180985286,6934020,29125.938451691563
3807,3816,28337.191932493784,0,28494.084349131102,6934020,29125.938451691563
3808,3816,28419.036794017582,0,28569.748589022754,6934020,29125.938451691563
3810,3816,28545.161559238677,0,28845.177015516405,6934020,29125.938451691563
15461,3823,26198.825969328333,0,26234.116496133833,34233020,29126.913861993187
17604,3823,26658.416732334335,1,27225.445305503665,34233020,29126.913861993187
15931,3823,27349.017272696612,0,27700.532319414535,34233020,29126.913861993187
3816,3823,28200.482423491285,0,28846.74733959982,34233020,29126.913861993187
3819,3823,28979.262858161193,0,28995.998160084146,34233020,29126.913861993187
3792,3808,27209.670723465108,4,28195.29770006904,18412020,29161.300222007736
3804,3808,28701.660089553443,0,28901.830779192693,18412020,29161.300222007736
3776,17038,24482.29427802199,0,26088.682804282857,34233020,29185.317498550212
3777,17038,24529.223310362082,0,26122.79281092844,34233020,29185.317498550212
4943,17038,25839.59159135082,0,26642.889336059754,34233020,29185.317498550212
4943,17038,25914.935497347025,0,26642.889336059754,34233020,29185.317498550212
3803,17038,26083.041659820374,0,27971.592494539254,34233020,29185.317498550212
3803,17038,26174.22154330576,0,27971.592494539254,34233020,29185.317498550212
3804,17038,26905.20411874577,0,28042.82455579366,34233020,29185.317498550212
3804,17038,27269.38799349704,0,28042.82455579366,34233020,29185.317498550212
18107,17038,27494.19796257642,1,28153.345635578586,34233020,29185.317498550212
3807,17038,26987.88513834672,0,28182.345635578586,34233020,29185.317498550212
3808,17038,26766.45742309357,1,28266.561660396474,34233020,29185.317498550212
3808,17038,27183.41632962595,1,28266.561660396474,34233020,29185.317498550212
3808,17038,28180.710968942796,1,28266.561660396474,34233020,29185.317498550212
3810,17038,27879.814910441888,0,28468.81732013877,34233020,29185.317498550212
3815,17038,28747.309253583542,0,28749.979620998736,34233020,29185.317498550212
15948,3802,28908.779447403325,0,29126.863427435692,14714020,29227.846057582992
17247,3788,28996.90584898843,0,29148.973967905094,31303020,29236.478491570782
3810,3819,28662.87561517644,0,28845.177015516405,6934020,29243.504854700892
3777,17603,28315.969699141857,0,28454.071487011424,31303020,29305.861794961707
3788,17603,28655.425064932195,0,29236.478491570782,31303020,29305.861794961707
4941,4945,28876.28771753381,0,29188.645360929124,21873020,29306.655102989847
3777,3804,27390.754693096747,0,27591.24101641312,14714020,29329.439524167152
14582,3804,27409.18348644197,0,27654.89405736198,14714020,29329.439524167152
3788,3804,28253.688787557316,0,28342.939470090332,14714020,29329.439524167152
3794,3804,28526.617387391037,0,28905.57056695624,14714020,29329.439524167152
3794,3801,28926.358450457472,0,29103.403679436873,25938020,29343.20622317637
3794,3801,29038.87396975325,0,29103.403679436873,25938020,29343.20622317637
3794,3801,29109.507520349223,0,29123.76334363694,25938020,29343.20622317637
4941,17604,28475.53228569887,0,28784.38402053481,31303020,29362.916917483148
4941,14102,24964.672360021043,0,26554.535747840142,34233020,29377.298066756706
4941,14102,26403.896987273565,0,26554.535747840142,34233020,29377.298066756706
4943,14102,25965.254940806917,0,26642.889336059754,34233020,29377.298066756706
3807,14102,26374.96582666838,1,28191.294636774022,34233020,29377.298066756706
3809,14102,27635.926827314033,0,28323.561660396474,34233020,29377.298066756706
3809,14102,27643.150689212667,0,28323.561660396474,34233020,29377.298066756706
3811,14102,27459.450297916017,0,28560.42274172112,34233020,29377.298066756706
3811,14102,27590.421052809575,0,28560.42274172112,34233020,29377.298066756706
3813,14102,27371.088020179028,0,28645.462759756814,34233020,29377.298066756706
3815,14102,28251.483069726473,0,28749.979620998736,34233020,29377.298066756706
17038,14102,27958.410649002337,0,29185.317498550212,34233020,29377.298066756706
17038,14102,28058.368972444605,0,29185.317498550212,34233020,29377.298066756706
17038,14102,28109.655052132646,0,29185.317498550212,34233020,29377.298066756706
17038,14102,28185.527053603146,0,29185.317498550212,34233020,29377.298066756706
17038,14102,28229.001915733694,0,29185.317498550212,34233020,29377.298066756706
17038,14102,29117.57460788105,0,29185.317498550212,34233020,29377.298066756706
3803,3805,29187.51547485078,0,29267.902313015857,14714020,29381.352949369066
3773,4947,28631.362806415367,0,28650.0,21873020,29390.447924067466
3773,3823,25940.12659274263,0,26400.0,6934020,29396.9650512086
3792,3810,26050.801078501718,4,28195.29770006904,18412020,29401.63128320113
15931,3810,28437.781763076266,0,28698.09548317474,18412020,29401.63128320113
3801,3810,28269.715577750867,0,28757.689695240155,18412020,29401.63128320113
3802,3810,28268.203739091536,0,28788.34121671938,18412020,29401.63128320113
3804,3810,28542.74452859989,0,28901.830779192693,18412020,29401.63128320113
17604,3804,28605.14988399722,0,28710.05411236079,25938020,29464.98738676511
3788,3792,29111.03559034867,0,29236.478491570782,31303020,29469.58825678223
3773,3805,27589.132619585103,0,27810.0,25938020,29501.245568899536
3773,3813,26681.827168802363,0,26880.0,18412020,29504.470987780114
17245,3813,28566.867269324433,0,28577.426786794153,18412020,29504.470987780114
3808,3813,29056.930540981877,0,29161.300222007736,18412020,29504.470987780114
17245,3814,28495.47314429649,0,28566.747420697517,18412020,29548.47619519554
3777,4941,28972.607184702196,0,29223.79345932207,33610020,29621.089145038088
18393,4941,29380.85004271128,0,29489.886136653175,33610020,29621.089145038088
3773,3788,28301.7067757351,0,28650.0,21873020,29631.934555243257
17245,3816,28546.299087392475,0,28566.747420697517,18412020,29638.563793021807
3801,3816,28319.40357426014,0,28757.689695240155,18412020,29638.563793021807
3804,3816,28422.42808616677,0,28901.830779192693,18412020,29638.563793021807
3810,3816,29050.358402733244,0,29401.63128320113,18412020,29638.563793021807
3810,3816,29134.808145799045,0,29401.63128320113,18412020,29638.563793021807
3812,3816,29146.98818662414,0,29471.90706711257,18412020,29638.563793021807
3773,3808,26915.385295344862,0,27360.0,14714020,29686.443287710164
3788,3794,29088.08093700722,0,29236.478491570782,31303020,29712.804469283896
17603,3794,28873.390517874424,0,29305.861794961707,31303020,29712.804469283896
17603,3794,29137.24815332284,0,29305.861794961707,31303020,29712.804469283896
17603,3794,29145.4830542732,0,29305.861794961707,31303020,29712.804469283896
17604,3794,28846.196526954143,0,29362.916917483148,31303020,29712.804469283896
17604,3794,28860.4572109829,0,29362.916917483148,31303020,29712.804469283896
17604,3794,28890.6719711112,0,29362.916917483148,31303020,29712.804469283896
17604,3794,29323.85385079098,0,29362.916917483148,31303020,29712.804469283896
3791,3794,28783.991526529993,0,29398.50632584477,31303020,29712.804469283896
3791,3794,28820.240978967817,0,29398.50632584477,31303020,29712.804469283896
3791,3794,29008.951540168575,0,29398.50632584477,31303020,29712.804469283896
3773,4947,28872.59402714722,0,29077.0,33610020,29780.36486204641
3816,3820,29491.438645868948,0,29638.563793021807,18412020,29803.555600400752
3775,17245,27903.992145949607,0,28320.932097837656,31303020,29821.975189682424
3794,17245,29334.164434272505,0,29712.804469283896,31303020,29821.975189682424
3794,17245,29634.15215942278,0,29712.804469283896,31303020,29821.975189682424
3792,3823,27189.75806237659,4,28195.29770006904,18412020,29887.186414694683
3773,3810,27412.585669905275,0,27810.0,25938020,29889.782008226503
3773,3810,27030.20419259217,0,27360.0,14714020,29892.974102713528
3773,17246,28409.556081163148,0,28650.0,21873020,29895.702410189628
17604,17246,29466.29151787952,0,29764.904728218637,21873020,29895.702410189628
4941,15931,28411.855826676212,0,28784.38402053481,31303020,29901.56578951716
4945,15931,28799.544404408345,0,28923.913487658094,31303020,29901.56578951716
18352,15931,29651.00733112453,0,29860.771846855256,31303020,29901.56578951716
3787,17038,27803.31012741163,0,27836.91336876988,18412020,29928.659572179717
17245,17038,28392.85376314336,0,28566.747420697517,18412020,29928.659572179717
3805,17038,28918.108366921977,0,28952.060048894058,18412020,29928.659572179717
18107,17038,28746.19095435881,0,29007.908480724946,18412020,29928.659572179717
3808,17038,28868.515491635106,0,29161.300222007736,18412020,29928.659572179717
3809,17038,28914.304947097295,0,29284.607097765907,18412020,29928.659572179717
3809,17038,29275.499724562036,0,29284.607097765907,18412020,29928.659572179717
3813,17038,29399.74446992488,0,29504.470987780114,18412020,29928.659572179717
3808,3812,29358.043303390692,0,29674.929704170954,25938020,29942.886297159715
14582,3794,28819.03539727346,0,28875.44893846971,21873020,30008.62053419557
4941,3794,29000.124619661867,0,29188.645360929124,21873020,30008.62053419557
17247,3794,29380.21642113124,0,29561.95309360213,21873020,30008.62053419557
3787,3794,29392.27832888653,0,29605.086406721082,21873020,30008.62053419557
3791,3794,29563.0110991823,0,29799.89444047543,21873020,30008.62053419557
3792,3794,29673.452921163498,0,29841.332913671347,21873020,30008.62053419557
3792,3794,29731.46515336029,0,29841.332913671347,21873020,30008.62053419557
3792,3794,29731.96093428427,0,29841.332913671347,21873020,30008.62053419557
4941,3788,29245.111106234708,0,29621.089145038088,33610020,30009.749587908795
3773,3795,28438.238632988658,0,28650.0,21873020,30055.97153602005
14582,17038,26384.73169111111,0,26668.829475638715,6934020,30069.56169891902
17247,17038,25695.003166988605,2,27365.467130637087,6934020,30069.56169891902
17247,17038,26530.174812848654,2,27365.467130637087,6934020,30069.56169891902
3805,17038,27663.240300838454,2,28417.742180985286,6934020,30069.56169891902
3807,17038,28492.669452162503,0,28494.084349131102,6934020,30069.56169891902
3773,5348,29262.61669479646,0,29632.0,19550020,30069.69868666452
3794,17245,29889.7946427603,0,30008.62053419557,21873020,30083.929854709404
17603,3803,29202.150074196692,0,29305.861794961707,31303020,30096.63728524613
18352,3803,29637.57469353794,0,29860.771846855256,31303020,30096.63728524613
3777,18352,28758.844396676475,0,28816.211796711057,21873020,30112.410816110554
17247,17603,29771.826513520926,0,29934.489463631482,33610020,30113.674148870843
3802,3816,29158.8902392539,0,29227.846057582992,14714020,30117.049753678566
3805,3816,29053.549609641097,0,29381.352949369066,14714020,30117.049753678566
3813,3816,29578.151218686744,0,29967.966966975488,14714020,30117.049753678566
17245,3816,29018.632806597394,0,29228.76334363694,25938020,30118.749432991568
18352,3816,29240.12191670142,0,29258.28204562315,25938020,30118.749432991568
3773,3804,27832.064279384686,0,28230.0,31303020,30150.524680974962
14582,3804,28123.07190627228,0,28536.332016471486,31303020,30150.524680974962
4945,3804,28621.29533172363,0,28923.913487658094,31303020,30150.524680974962
3792,3804,29065.184060716612,0,29469.58825678223,31303020,30150.524680974962
3794,3804,29689.0680869635,0,29712.804469283896,31303020,30150.524680974962
4941,15931,28913.78884107026,0,29188.645360929124,21873020,30157.156318135858
3776,4941,29483.161727267867,0,29781.21350372065,19550020,30177.92199821149
3777,4941,29351.18815762797,0,29808.84929627528,19550020,30177.92199821149
14582,4941,29790.937180819437,0,29886.084110628264,19550020,30177.92199821149
15461,4941,29878.801766987064,0,29949.26413568877,19550020,30177.92199821149
4945,3805,28679.86627385467,0,28923.913487658094,31303020,30217.731963015503
17603,3805,29034.166708721394,0,29305.861794961707,31303020,30217.731963015503
14582,17604,29246.169465083796,0,29337.492421364932,33610020,30221.700827011216
3788,17604,29863.214493934844,0,30009.749587908795,33610020,30221.700827011216
4943,14102,26769.982568017396,0,27047.121122488712,6934020,30233.43620859085
17603,14102,26922.163228936028,2,27520.53024401931,6934020,30233.43620859085
4941,15948,29031.44905652533,0,29188.645360929124,21873020,30251.13103064214
17604,15948,29415.55267318834,0,29764.904728218637,21873020,30251.13103064214
3805,18107,29831.96484987974,0,30217.731963015503,31303020,30291.180121966336
3816,3821,29953.35726038729,0,30117.049753678566,14714020,30293.417235946024
18352,3823,29071.7726035379,0,29258.28204562315,25938020,30295.713384020582
4941,4945,29766.88457081667,0,30177.92199821149,19550020,30300.567698213028
3776,17038,27623.648112225015,0,27979.93932102016,25938020,30347.54259520675
4941,17038,28066.673881520644,0,28234.569907923145,25938020,30347.54259520675
3809,17038,29480.265312737145,0,29809.51496496837,25938020,30347.54259520675
3809,17038,29568.700555740834,0,29809.51496496837,25938020,30347.54259520675
3810,17038,29638.907841590466,0,29889.782008226503,25938020,30347.54259520675
4941,4947,29694.56911194837,0,30177.92199821149,19550020,30354.646595586753
3773,3808,28046.607759781506,0,28230.0,31303020,30380.757646834834
3802,3808,29989.748952658607,0,30044.723246761492,31303020,30380.757646834834
4941,3803,29042.073278635275,0,29188.645360929124,21873020,30428.260789578446
17246,3803,29871.164201452844,0,29895.702410189628,21873020,30428.260789578446
14582,17038,27489.529979409752,0,27654.89405736198,14714020,30446.323563485534
18352,17038,29018.284863181758,0,29041.665162364618,14714020,30446.323563485534
18107,17038,29097.125666085125,0,29444.21536887839,14714020,30446.323563485534
17133,17038,29984.841360252256,0,30167.084252064345,14714020,30446.323563485534
17038,14102,30429.47887950784,0,30446.323563485534,14714020,30476.882026848692
4941,3809,28669.80575418254,0,28784.38402053481,31303020,30493.02336394633
4947,3809,28774.385476579788,0,28979.154259547908,31303020,30493.02336394633
3788,3809,28932.615028901946,0,29236.478491570782,31303020,30493.02336394633
3810,14102,29688.567870542196,0,29889.782008226503,25938020,30510.95756972666
3773,3774,31920.597716323526,0,32370.0,28313020,32435.92401922287
3773,3774,32369.373291439573,0,32370.0,28313020,32435.92401922287
3773,3775,30183.020839307166,0,32370.0,28313020,32472.184879549557
3776,4941,30182.44736423143,0,32584.473502805267,28313020,32962.63544263564
3776,4941,31178.17867038919,0,32584.473502805267,28313020,32962.63544263564
3776,4941,31204.700600159198,0,32584.473502805267,28313020,32962.63544263564
3776,4941,31626.61563720798,0,32584.473502805267,28313020,32962.63544263564
3776,4941,32028.25956958622,0,32584.473502805267,28313020,32962.63544263564
3776,4941,32477.25496523544,0,32584.473502805267,28313020,32962.63544263564
3777,4941,30079.742842349442,0,32621.028450544993,28313020,32962.63544263564
3777,4941,30274.510446478325,0,32621.028450544993,28313020,32962.63544263564
3777,4941,31538.06447902211,0,32621.028450544993,28313020,32962.63544263564
14582,4941,30964.760759994144,0,32735.531389010655,28313020,32962.63544263564
14582,4941,31453.516184177184,0,32735.531389010655,28313020,32962.63544263564
14582,4941,31889.0930477073,0,32735.531389010655,28313020,32962.63544263564
14582,4941,32234.155561908865,0,32735.531389010655,28313020,32962.63544263564
14582,4941,32425.987483542856,0,32735.531389010655,28313020,32962.63544263564
15461,4941,31823.339349853137,0,32807.88638263255,28313020,32962.63544263564
18393,4941,30768.47052928976,0,32885.66052948378,28313020,32962.63544263564
3773,4947,30361.52817924937,0,32370.0,28313020,33200.36563989268
3773,4947,29651.81097626071,0,32370.0,28313020,33200.36563989268
14582,4947,31463.12746126293,0,32735.531389010655,28313020,33200.36563989268
4941,4947,30603.096885238425,1,32993.075306207,28313020,33200.36563989268
4943,4947,30450.92969860927,0,33052.075306207,28313020,33200.36563989268
14582,17247,31047.076106594686,0,32735.531389010655,28313020,33321.78771326777
15461,17247,31821.256428223507,0,32807.88638263255,28313020,33321.78771326777
3773,3787,30021.676009821753,0,32370.0,28313020,33395.06522140987
3773,3787,31581.653248692517,0,32370.0,28313020,33395.06522140987
3775,3787,30071.412773763936,0,32472.184879549557,28313020,33395.06522140987
14582,3788,29990.57217774961,0,32735.531389010655,28313020,33437.69669752186
14582,3788,30217.548840295913,0,32735.531389010655,28313020,33437.69669752186
15461,17604,30842.829117966845,0,32807.88638263255,28313020,33552.229298033424
14582,3792,31635.02480543909,0,32735.531389010655,28313020,33610.35425903586
18393,3792,31551.969339147247,0,32885.66052948378,28313020,33610.35425903586
3773,17246,31374.797477623357,0,32370.0,28313020,33656.80579189948
3775,17246,30414.46715811194,0,32472.184879549557,28313020,33656.80579189948
3775,17246,31728.629034228317,0,32472.184879549557,28313020,33656.80579189948
3773,3794,30077.026707268717,0,32370.0,28313020,33705.759638123876
3773,3794,31197.167143102295,0,32370.0,28313020,33705.759638123876
3773,3794,31619.5969400713,0,32370.0,28313020,33705.759638123876
3773,3794,31962.02264676327,0,32370.0,28313020,33705.759638123876
3788,3794,30371.49649990724,0,33437.69669752186,28313020,33705.759638123876
3788,3794,30484.764737004807,0,33437.69669752186,28313020,33705.759638123876
17604,3794,30587.7138024943,1,33558.35425903586,28313020,33705.759638123876
3792,3794,30526.513778899323,1,33618.80579189948,28313020,33705.759638123876
3773,3795,31140.378293179747,0,32370.0,28313020,33778.54806303891
3773,3795,31782.066253800644,0,32370.0,28313020,33778.54806303891
15461,3795,31909.788711370817,0,32807.88638263255,28313020,33778.54806303891
17247,3795,30835.484725956514,1,33334.06522140987,28313020,33778.54806303891
3773,17245,31315.515574021185,0,32370.0,28313020,33812.1214771583
3775,18352,31014.36361631357,0,32472.184879549557,28313020,33843.35228601904
4941,15931,30519.064430096307,1,32993.075306207,28313020,33926.250957949094
3775,15948,30674.251409677345,0,32472.184879549557,28313020,33973.02318437228
3794,3801,31796.65551292173,1,33723.54806303891,28313020,34016.62487383646
17245,3801,31337.52990133331,0,33812.1214771583,28313020,34016.62487383646
17245,3801,31758.578025976545,1,33822.35228601904,28313020,34016.62487383646
3777,3802,31697.54755878379,0,32621.028450544993,28313020,34059.80457664251
3777,3802,32372.95678758352,0,32621.028450544993,28313020,34059.80457664251
4941,3802,32177.271415751165,1,32993.075306207,28313020,34059.80457664251
17247,3802,30103.320434175366,0,33321.78771326777,28313020,34059.80457664251
15948,3802,31995.409312177613,1,33979.62487383646,28313020,34059.80457664251
4941,3803,31253.155896973312,1,32993.075306207,28313020,34159.5067603456
4947,3803,31387.68331133448,0,33200.36563989268,28313020,34159.5067603456
14582,3804,31216.729612017847,0,32735.531389010655,28313020,34201.310691412495
4947,3804,32568.05830721877,1,33217.78771326777,28313020,34201.310691412495
4947,3804,32631.442251389042,1,33217.78771326777,28313020,34201.310691412495
3787,3804,32641.58764131068,1,33404.69669752186,28313020,34201.310691412495
3788,3804,31630.15049092457,1,33449.229298033424,28313020,34201.310691412495
3794,3804,31956.3634155814,1,33723.54806303891,28313020,34201.310691412495
3794,3804,32395.701809418366,1,33723.54806303891,28313020,34201.310691412495
17245,3804,30746.629633215915,0,33812.1214771583,28313020,34201.310691412495
18352,3804,30586.2548462652,1,33850.250957949094,28313020,34201.310691412495
3802,3804,30413.592922223896,0,34059.80457664251,28313020,34201.310691412495
3777,3805,32335.263789140467,0,32621.028450544993,28313020,34253.36838863
4943,3805,30745.95027923659,0,33052.075306207,28313020,34253.36838863
4943,3805,30877.97587771094,0,33052.075306207,28313020,34253.36838863
3794,3805,30533.964711722037,1,33723.54806303891,28313020,34253.36838863
15461,18107,31715.23841761015,0,32807.88638263255,28313020,34326.526162535476
3805,18107,33576.47059664588,1,34264.526162535476,28313020,34326.526162535476
3788,3807,31699.94011051243,1,33449.229298033424,28313020,34373.13786245178
3804,3807,31139.218514532382,1,34222.36838863,28313020,34373.13786245178
18393,3808,30183.35551984834,0,32885.66052948378,28313020,34417.88916863876
18393,3808,30512.454999960766,0,32885.66052948378,28313020,34417.88916863876
18393,3808,30551.289627363134,0,32885.66052948378,28313020,34417.88916863876
4943,3808,32969.591817697285,0,33052.075306207,28313020,34417.88916863876
17247,3808,30278.83016845496,0,33321.78771326777,28313020,34417.88916863876
3792,3808,30889.215491403294,1,33618.80579189948,28313020,34417.88916863876
17246,3808,31729.79043934136,1,33665.759638123876,28313020,34417.88916863876
3804,3808,31488.454207061786,1,34222.36838863,28313020,34417.88916863876
3804,3808,31881.826185056016,1,34222.36838863,28313020,34417.88916863876
18107,3808,30824.599952726723,0,34326.526162535476,28313020,34417.88916863876
3807,3808,31922.614748083815,1,34380.88916863876,28313020,34417.88916863876
3794,3809,32196.150417491866,1,33723.54806303891,28313020,34485.58238789375
3802,3809,31649.45669617501,1,34079.5067603456,28313020,34485.58238789375
3803,3809,31933.011647895713,1,34167.310691412495,28313020,34485.58238789375
3804,3809,31164.388820069034,1,34222.36838863,28313020,34485.58238789375
18107,3809,31096.80490432202,1,34337.13786245178,28313020,34485.58238789375
14582,3810,31087.705987655623,0,32735.531389010655,28313020,34534.29454009949
3794,3810,31826.32705567824,1,33723.54806303891,28313020,34534.29454009949
3802,3810,32297.90843828922,1,34079.5067603456,28313020,34534.29454009949
3804,3810,31442.985094768985,1,34222.36838863,28313020,34534.29454009949
3805,3810,32659.177138713127,1,34264.526162535476,28313020,34534.29454009949
4941,3811,32007.098201135726,1,32993.075306207,28313020,34599.67816958002
3804,3811,31101.233537561235,1,34222.36838863,28313020,34599.67816958002
3795,3813,32609.950539076017,1,33789.1214771583,28313020,34675.35660843284
3809,3813,31312.892226820673,0,34485.58238789375,28313020,34675.35660843284
3810,3813,31652.938508640393,0,34534.29454009949,28313020,34675.35660843284
4941,3814,30472.528759143195,1,32993.075306207,28313020,34723.04679300496
4943,3814,31388.19030009514,0,33052.075306207,28313020,34723.04679300496
17246,3814,33262.82090139887,1,33665.759638123876,28313020,34723.04679300496
3794,3815,30262.92809669008,1,33723.54806303891,28313020,34776.42552976985
3814,3815,31550.76686153689,1,34732.42552976985,28313020,34776.42552976985
3773,3816,30026.70735953567,0,32370.0,28313020,34865.45501334413
3773,3816,31296.71979962241,0,32370.0,28313020,34865.45501334413
3773,3816,31801.81056718866,0,32370.0,28313020,34865.45501334413
3773,3816,32050.968137168085,0,32370.0,28313020,34865.45501334413
3775,3816,30303.115135467102,0,32472.184879549557,28313020,34865.45501334413
3775,3816,32358.661441342992,0,32472.184879549557,28313020,34865.45501334413
14582,3816,31315.768594702207,0,32735.531389010655,28313020,34865.45501334413
4943,3816,32210.623841341305,0,33052.075306207,28313020,34865.45501334413
17246,3816,31358.521052896507,1,33665.759638123876,28313020,34865.45501334413
3794,3816,30575.30667527711,1,33723.54806303891,28313020,34865.45501334413
3795,3816,32516.847826201552,1,33789.1214771583,28313020,34865.45501334413
15931,3816,31135.007379687435,1,33932.02318437228,28313020,34865.45501334413
3802,3816,31715.50345751709,0,34059.80457664251,28313020,34865.45501334413
3804,3816,30770.262790665467,1,34222.36838863,28313020,34865.45501334413
3804,3816,31995.15655842424,1,34222.36838863,28313020,34865.45501334413
3804,3816,32145.022382988842,1,34222.36838863,28313020,34865.45501334413
3807,3816,34149.89336433294,1,34380.88916863876,28313020,34865.45501334413
3808,3816,31845.3198455399,1,34440.58238789375,28313020,34865.45501334413
3810,3816,32321.53013356685,0,34534.29454009949,28313020,34865.45501334413
3810,3816,32696.62007816546,1,34566.67816958002,28313020,34865.45501334413
3811,3816,30278.31374306685,0,34599.67816958002,28313020,34865.45501334413
3811,3816,30332.962040254875,0,34599.67816958002,28313020,34865.45501334413
3812,3816,32633.752728284868,0,34635.782788347555,28313020,34865.45501334413
3813,3816,30897.175804565348,1,34685.04679300496,28313020,34865.45501334413
3814,3816,30903.223209081196,1,34732.42552976985,28313020,34865.45501334413
3814,3816,32175.895254759904,1,34732.42552976985,28313020,34865.45501334413
17247,17133,31178.69939524353,1,33334.06522140987,28313020,34936.52902643329
3804,17133,31052.68343642683,1,34222.36838863,28313020,34936.52902643329
3802,3818,31611.589749063234,0,34059.80457664251,28313020,34974.06847244259
3809,3818,34141.20659755567,0,34485.58238789375,28313020,34974.06847244259
3810,3818,33923.17565372229,1,34566.67816958002,28313020,34974.06847244259
3816,3818,30964.528260033756,1,34913.52902643329,28313020,34974.06847244259
4947,3820,32050.11964151413,0,33200.36563989268,28313020,35049.6347745733
3816,3820,30587.30398029043,0,34865.45501334413,28313020,35049.6347745733
3816,3820,30784.752971365015,1,34913.52902643329,28313020,35049.6347745733
3816,3820,32501.41653297191,1,34913.52902643329,28313020,35049.6347745733
3816,3820,33064.87442465736,1,34913.52902643329,28313020,35049.6347745733
3816,3821,31768.727100002357,1,34913.52902643329,28313020,35111.21920855179
3820,3821,34733.33162240569,0,35049.6347745733,28313020,35111.21920855179
3813,3823,31632.553980220735,1,34685.04679300496,28313020,35163.51065610378
3813,3823,32301.914673397005,1,34685.04679300496,28313020,35163.51065610378
3818,3823,31977.269078323465,0,34974.06847244259,28313020,35163.51065610378
14582,17038,32534.58923190466,0,32735.531389010655,28313020,35221.76061293838
14582,17038,32685.472135650038,0,32735.531389010655,28313020,35221.76061293838
4941,17038,32426.278971742933,1,32993.075306207,28313020,35221.76061293838
4941,17038,32457.309582409503,1,32993.075306207,28313020,35221.76061293838
3802,17038,30864.669376935995,1,34079.5067603456,28313020,35221.76061293838
3802,17038,31546.96201675388,1,34079.5067603456,28313020,35221.76061293838
3802,17038,31887.203434349845,1,34079.5067603456,28313020,35221.76061293838
3803,17038,31676.759811702435,1,34167.310691412495,28313020,35221.76061293838
3805,17038,30982.01556865756,1,34264.526162535476,28313020,35221.76061293838
3808,17038,34174.25640644447,1,34440.58238789375,28313020,35221.76061293838
3808,17038,34437.315324085386,0,34440.58238789375,28313020,35221.76061293838
3810,17038,30141.889254446254,0,34534.29454009949,28313020,35221.76061293838
3810,17038,30528.970273788782,0,34534.29454009949,28313020,35221.76061293838
3810,17038,31819.470268198023,0,34534.29454009949,28313020,35221.76061293838
3811,17038,33784.754901006054,1,34613.782788347555,28313020,35221.76061293838
17133,17038,31157.985478842802,0,34936.52902643329,28313020,35221.76061293838
3820,17038,34199.30641984798,0,35049.6347745733,28313020,35221.76061293838
4947,14102,32771.721849497335,1,33217.78771326777,28313020,35278.624116478124
18107,14102,31623.065817988136,1,34337.13786245178,28313020,35278.624116478124
3808,14102,33660.88568260666,1,34440.58238789375,28313020,35278.624116478124
3809,14102,32849.83285642962,0,34485.58238789375,28313020,35278.624116478124
3810,14102,32982.46063277415,0,34534.29454009949,28313020,35278.624116478124
3810,14102,33087.046050901714,0,34534.29454009949,28313020,35278.624116478124
3810,14102,33646.548572674365,0,34534.29454009949,28313020,35278.624116478124
3810,14102,34166.867214653554,0,34534.29454009949,28313020,35278.624116478124
3811,14102,30382.959507460553,0,34599.67816958002,28313020,35278.624116478124
3815,14102,31915.19152593448,1,34784.45501334413,28313020,35278.624116478124
17133,14102,30973.31336559129,0,34936.52902643329,28313020,35278.624116478124
17038,14102,31495.930194773235,0,35221.76061293838,28313020,35278.624116478124
17038,14102,33585.09989931528,0,35221.76061293838,28313020,35278.624116478124
17038,14102,33814.90065214178,0,35221.76061293838,28313020,35278.624116478124
17038,14102,34571.820386532054,0,35221.76061293838,28313020,35278.624116478124
