step,score,eps
76,-202.3379585031117,0.6393250000000006
152,-203.79639377634527,0.6381850000000016
228,-188.09324730833816,0.6370450000000025
304,-189.8340966788006,0.6359050000000035
380,-199.84725724391674,0.6347650000000045
456,-199.91596823638082,0.6336250000000054
532,-189.70853531195243,0.6324850000000064
608,-199.07407593521506,0.6313450000000074
684,-176.56706443999744,0.6302050000000083
760,-186.9891464180571,0.6290650000000093
836,-202.84195738901735,0.6279250000000103
912,-223.8771116126198,0.6267850000000112
988,-206.65232165538131,0.6256450000000122
1064,-191.15868210054367,0.6245050000000132
1140,-197.66955876492736,0.6233650000000142
1216,-216.0887391844641,0.6222250000000151
1292,-188.33456198209794,0.6210850000000161
1368,-210.34295144195113,0.6199450000000171
1444,-196.7592078462967,0.618805000000018
1520,-224.3998688973313,0.617665000000019
1596,-208.55702433817254,0.61652500000002
1672,-175.56063406746017,0.6153850000000209
1748,-176.17562117304269,0.6142450000000219
1824,-199.45729910646855,0.6131050000000229
1900,-191.52941225014914,0.6119650000000239
1976,-183.35167858813585,0.6108250000000248
2052,-170.5645678346053,0.6096850000000258
2128,-211.69457790613194,0.6085450000000268
2204,-176.1313957268447,0.6074050000000277
2280,-190.58052873647856,0.6062650000000287
2356,-193.65265630740078,0.6051250000000297
2432,-182.8240228334704,0.6039850000000306
2508,-186.90566878457506,0.6028450000000316
2584,-201.2000382869674,0.6017050000000326
2660,-199.9770193811125,0.6005650000000335
2736,-190.9608831927271,0.5994250000000345
2812,-212.2138270123135,0.5982850000000355
2888,-184.36287358264897,0.5971450000000365
2964,-181.33932899458696,0.5960050000000374
3040,-197.61559256166532,0.5948650000000384
3116,-188.93919009492566,0.5937250000000394
3192,-179.36208388014356,0.5925850000000403
3268,-185.95861940537424,0.5914450000000413
3344,-197.19327347639316,0.5903050000000423
3420,-206.51932313822923,0.5891650000000432
3496,-173.1269262222245,0.5880250000000442
3572,-194.88641087108164,0.5868850000000452
3648,-188.9576922099519,0.5857450000000461
3724,-199.12234813607617,0.5846050000000471
3800,-201.9730777221652,0.5834650000000481
3876,-222.90760600659408,0.582325000000049
3952,-188.88538879340743,0.58118500000005
4028,-191.3189441020175,0.580045000000051
4104,-207.22763289982203,0.578905000000052
4180,-209.76477333552077,0.5777650000000529
4256,-208.38458752193907,0.5766250000000539
4332,-204.57592075165203,0.5754850000000549
4408,-205.08977675947673,0.5743450000000558
4484,-175.38070790021348,0.5732050000000568
4560,-192.66731207253088,0.5720650000000578
4636,-204.6372496313398,0.5709250000000587
4712,-163.24036655543145,0.5697850000000597
4788,-178.1698774477048,0.5686450000000607
4864,-187.4616848598427,0.5675050000000617
4940,-199.79496212286023,0.5663650000000626
5016,-188.2072296573827,0.5652250000000636
5092,-175.84070311162023,0.5640850000000646
5168,-203.44722737356847,0.5629450000000655
5244,-164.3864248785645,0.5618050000000665
5320,-196.63976249416302,0.5606650000000675
5396,-192.5143650368922,0.5595250000000684
5472,-176.56796125416466,0.5583850000000694
5548,-209.19642078841738,0.5572450000000704
5624,-191.47908036803713,0.5561050000000713
5700,-204.96970527701322,0.5549650000000723
5776,-181.70979147777012,0.5538250000000733
5852,-185.6113323881129,0.5526850000000743
5928,-203.60475648514608,0.5515450000000752
6004,-196.27490088012027,0.5504050000000762
6080,-212.88806784119024,0.5492650000000772
6156,-173.4142124941789,0.5481250000000781
6232,-232.9839535905026,0.5469850000000791
6308,-196.25965291926013,0.5458450000000801
6384,-178.9922266933151,0.544705000000081
6460,-187.17076463454956,0.543565000000082
6536,-175.47972706657526,0.542425000000083
6612,-200.02054847035276,0.541285000000084
6688,-203.76418614256477,0.5401450000000849
6764,-190.10318029193974,0.5390050000000859
6840,-197.40394985522815,0.5378650000000869
6916,-195.0232850552769,0.5367250000000878
6992,-204.34914509875907,0.5355850000000888
7068,-207.91090116174195,0.5344450000000898
7144,-180.02035857414518,0.5333050000000907
7220,-179.1763203620237,0.5321650000000917
7296,-200.54176618685207,0.5310250000000927
7372,-199.9901967642375,0.5298850000000936
7448,-194.12577724147695,0.5287450000000946
7524,-195.37487456116153,0.5276050000000956
7600,-185.12580988765737,0.5264650000000966
7676,-205.05683407555054,0.5253250000000975
7752,-173.99910391688874,0.5241850000000985
7828,-212.42718497372297,0.5230450000000995
7904,-188.23050290890077,0.5219050000001004
7980,-214.17509420671246,0.5207650000001014
8056,-167.53727103202354,0.5196250000001024
8132,-198.86982650602062,0.5184850000001033
8208,-195.54658183890368,0.5173450000001043
8284,-198.0587371307049,0.5162050000001053
8360,-193.35856006014896,0.5150650000001062
8436,-221.66749504756407,0.5139250000001072
8512,-207.73418751430455,0.5127850000001082
8588,-204.33694091731095,0.5116450000001092
8664,-213.27237569976984,0.5105050000001101
8740,-206.12257083732834,0.5093650000001111
8816,-194.8111822298096,0.5082250000001121
8892,-171.49910435253622,0.507085000000113
8968,-192.41189011807714,0.505945000000114
9044,-198.11497839245985,0.504805000000115
9120,-222.74290380931689,0.5036650000001159
9196,-206.80628065218093,0.5025250000001169
9272,-211.24065860224354,0.5013850000001179
9348,-201.79237129559561,0.5002450000001188
9424,-185.07668303045838,0.4991050000001198
9500,-199.6523069499445,0.4979650000001208
9576,-205.9397353827914,0.49682500000012175
9652,-165.39802178892634,0.4956850000001227
9728,-181.43397855702887,0.4945450000001237
9804,-173.2657204412179,0.49340500000012466
9880,-195.19043866759444,0.49226500000012563
9956,-200.5102267065907,0.4911250000001266
10032,-209.4717260053605,0.48998500000012757
10108,-206.12557436813802,0.48884500000012854
10184,-208.86207668174856,0.4877050000001295
10260,-190.3423260670491,0.4865650000001305
10336,-189.64943544255863,0.48542500000013145
10412,-181.90219514935913,0.4842850000001324
10488,-216.91803416850473,0.4831450000001334
10564,-210.20008061218735,0.48200500000013435
10640,-183.68976033675816,0.4808650000001353
10716,-201.38343815359548,0.4797250000001363
10792,-191.4428502029918,0.47858500000013726
10868,-180.79673760456984,0.47744500000013823
10944,-179.8922820712822,0.4763050000001392
11020,-185.68268756024204,0.47516500000014017
11096,-198.17851019789876,0.47402500000014114
11172,-198.06052526578574,0.4728850000001421
11248,-227.1096338686527,0.4717450000001431
11324,-203.30477839640653,0.47060500000014405
11400,-192.5049468981023,0.469465000000145
11476,-258.05581820926636,0.468325000000146
11552,-187.32608392969397,0.46718500000014695
11628,-205.6430730304411,0.4660450000001479
11704,-209.25470648532885,0.4649050000001489
11780,-173.1228468755092,0.46376500000014986
11856,-186.97251244433173,0.46262500000015083
11932,-180.5764038748988,0.4614850000001518
12008,-170.9452115006194,0.46034500000015277
12084,-184.94535792869357,0.45920500000015374
12160,-185.66055318036703,0.4580650000001547
12236,-190.86488139971132,0.4569250000001557
12312,-179.72628685616735,0.45578500000015665
12388,-179.26806078380994,0.4546450000001576
12464,-182.47713986723429,0.4535050000001586
12540,-215.2622167435661,0.45236500000015956
12616,-174.57525395828634,0.4512250000001605
12692,-226.46055813624235,0.4500850000001615
12768,-210.64953632258425,0.44894500000016246
12844,-199.117346737126,0.44780500000016343
12920,-181.88679386732213,0.4466650000001644
12996,-200.69495088166738,0.44552500000016537
13072,-196.7632725470894,0.44438500000016634
13148,-185.22414500059406,0.4432450000001673
13224,-205.7457352265939,0.4421050000001683
13300,-173.27142654934713,0.44096500000016925
13376,-192.11946404296418,0.4398250000001702
13452,-189.34390232064095,0.4386850000001712
13528,-207.30304180231855,0.43754500000017216
13604,-207.59196450129147,0.4364050000001731
13680,-195.76103672110068,0.4352650000001741
13756,-213.31869827300022,0.43412500000017507
13832,-192.52876377894825,0.43298500000017603
13908,-193.6043323950634,0.431845000000177
13984,-198.20670349015995,0.430705000000178
14060,-174.67452624475928,0.42956500000017894
14136,-186.3243776366743,0.4284250000001799
14212,-192.9956378904159,0.4272850000001809
14288,-182.6086415660987,0.42614500000018185
14364,-211.75484474066013,0.4250050000001828
14440,-194.67334446836975,0.4238650000001838
14516,-212.9607486251949,0.42272500000018476
14592,-183.84122123707888,0.42158500000018573
14668,-180.53310794333743,0.4204450000001867
14744,-192.01157373570817,0.41930500000018767
14820,-188.70720463590294,0.41816500000018864
14896,-187.95244034474663,0.4170250000001896
14972,-195.0462131957187,0.4158850000001906
15048,-190.33185988999597,0.41474500000019154
15124,-200.5327613803819,0.4136050000001925
15200,-178.30094626379494,0.4124650000001935
15276,-201.28795361393574,0.41132500000019445
15352,-208.19682530748594,0.4101850000001954
15428,-184.20050543574487,0.4090450000001964
15504,-185.54673690420455,0.40790500000019736
15580,-222.44770011807836,0.40676500000019833
15656,-185.2458871896594,0.4056250000001993
15732,-183.77374913104347,0.40448500000020027
15808,-207.14632698747016,0.40334500000020124
15884,-176.6094568399957,0.4022050000002022
15960,-180.1568712006048,0.4010650000002032
16036,-192.34573284551902,0.39992500000020414
16112,-180.66708732996221,0.3987850000002051
16188,-193.9625564545711,0.3976450000002061
16264,-209.27787250994305,0.39650500000020705
16340,-192.55013492753804,0.395365000000208
16416,-199.5366062241014,0.394225000000209
16492,-203.34491119704995,0.39308500000020996
16568,-223.45766536286422,0.39194500000021093
16644,-178.55773166900966,0.3908050000002119
16720,-200.72359951293643,0.38966500000021287
16796,-179.56009708470356,0.38852500000021384
16872,-187.98253481037614,0.3873850000002148
16948,-192.3220196361178,0.3862450000002158
17024,-190.69685907328895,0.38510500000021675
17100,-198.4472933883685,0.3839650000002177
17176,-201.48888348070525,0.3828250000002187
17252,-207.86906364816718,0.38168500000021965
17328,-194.18464687060492,0.3805450000002206
17404,-190.49871959765136,0.3794050000002216
17480,-201.4094943486601,0.37826500000022256
17556,-169.25209876028603,0.37712500000022353
17632,-172.04626722200518,0.3759850000002245
17708,-178.6097479119788,0.37484500000022547
17784,-185.43095491670397,0.37370500000022644
17860,-198.95647751689805,0.3725650000002274
17936,-180.12624890377688,0.3714250000002284
18012,-204.5333206969554,0.37028500000022935
18088,-173.99050685488473,0.3691450000002303
18164,-179.06254609429752,0.3680050000002313
18240,-191.23010833263464,0.36686500000023226
18316,-194.03806670917385,0.3657250000002332
18392,-223.20592987073175,0.3645850000002342
18468,-203.41986322019227,0.36344500000023516
18544,-196.43966390954992,0.36230500000023613
18620,-195.60935514174463,0.3611650000002371
18696,-186.84483831461594,0.36002500000023807
18772,-186.76916022616794,0.35888500000023904
18848,-242.92049453038547,0.35774500000024
18924,-191.1307526569568,0.356605000000241
19000,-195.8561891895432,0.35546500000024195
19076,-187.9400772409067,0.3543250000002429
19152,-192.86957308970034,0.3531850000002439
19228,-181.12115399666285,0.35204500000024486
19304,-190.91650790504298,0.3509050000002458
19380,-207.14940550044196,0.3497650000002468
19456,-194.63623022910056,0.34862500000024776
19532,-183.20717869852376,0.34748500000024873
19608,-204.07963410597247,0.3463450000002497
19684,-196.73443697436704,0.3452050000002507
19760,-200.20892528995748,0.34406500000025164
19836,-193.8331755271416,0.3429250000002526
19912,-216.69394567527047,0.3417850000002536
19988,-187.16496211520771,0.34064500000025455
20064,-185.4022049215878,0.3395050000002555
20140,-197.5819514510791,0.3383650000002565
20216,-195.99128387810003,0.33722500000025746
20292,-201.70503102636604,0.3360850000002584
20368,-192.1933409560152,0.3349450000002594
20444,-201.50825790317995,0.33380500000026037
20520,-183.7950862700765,0.33266500000026133
20596,-193.28448580641935,0.3315250000002623
20672,-178.52874090344375,0.3303850000002633
20748,-179.34570022428176,0.32924500000026424
20824,-198.59102852616093,0.3281050000002652
20900,-206.87028118537174,0.3269650000002662
20976,-185.35575358111083,0.32582500000026715
21052,-172.78217281967832,0.3246850000002681
21128,-191.92595040925573,0.3235450000002691
21204,-182.91126703220448,0.32240500000027006
21280,-188.6297115788995,0.32126500000027103
21356,-220.3942002000427,0.320125000000272
21432,-180.43477979088144,0.31898500000027297
21508,-211.9646020081811,0.31784500000027394
21584,-198.54300256508904,0.3167050000002749
21660,-194.79077908076678,0.3155650000002759
21736,-177.75236319085528,0.31442500000027684
21812,-179.370957515801,0.3132850000002778
21888,-196.99429999981214,0.3121450000002788
21964,-202.9086356039075,0.31100500000027975
22040,-194.80035357897245,0.3098650000002807
22116,-173.5952267492959,0.3087250000002817
22192,-192.0210459659072,0.30758500000028266
22268,-199.49372283041262,0.30644500000028363
22344,-182.5357007603227,0.3053050000002846
22420,-179.44537160544496,0.30416500000028557
22496,-188.9763816963556,0.30302500000028654
22572,-200.46344691538766,0.3018850000002875
22648,-191.5199789787173,0.3007450000002885
22724,-202.95549271221086,0.29960500000028945
22800,-227.56589652892933,0.2984650000002904
22876,-175.43809860784899,0.2973250000002914
22952,-204.5167129755692,0.29618500000029235
23028,-191.9908083128156,0.2950450000002933
23104,-190.70134058910259,0.2939050000002943
23180,-181.77738620978135,0.29276500000029526
23256,-176.97074233676872,0.29162500000029623
23332,-175.65333938939966,0.2904850000002972
23408,-199.29828930738728,0.28934500000029817
23484,-194.44697572417763,0.28820500000029914
23560,-196.90354856806664,0.2870650000003001
23636,-198.11053755892323,0.2859250000003011
23712,-234.0764593896155,0.28478500000030205
23788,-169.8029329933149,0.283645000000303
23864,-185.51719330276066,0.282505000000304
23940,-220.07001436496705,0.28136500000030495
24016,-192.7411605315293,0.2802250000003059
24092,-180.65175628038315,0.2790850000003069
24168,-184.50686404629053,0.27794500000030786
24244,-216.88504064541038,0.27680500000030883
24320,-185.4117532818261,0.2756650000003098
24396,-182.53155018434535,0.27452500000031077
24472,-193.36310803734037,0.27338500000031174
24548,-195.99118069853725,0.2722450000003127
24624,-171.22909926486696,0.2711050000003137
24700,-189.68132610711214,0.26996500000031465
24776,-190.04532773337132,0.2688250000003156
24852,-196.3788489778422,0.2676850000003166
24928,-195.1622906826969,0.26654500000031756
25004,-173.4428316094959,0.2654050000003185
25080,-187.24936090664397,0.2642650000003195
25156,-227.70371962264727,0.26312500000032046
25232,-212.87214049287795,0.26198500000032143
25308,-184.6720858994441,0.2608450000003224
25384,-188.24047606594726,0.25970500000032337
25460,-178.48345144513738,0.25856500000032434
25536,-198.54766988079666,0.2574250000003253
25612,-210.18397622443993,0.2562850000003263
25688,-180.99712846951903,0.25514500000032725
25764,-185.20753098496303,0.2540050000003282
25840,-195.8873942844448,0.2528650000003292
25916,-183.18751485289147,0.25172500000033016
25992,-176.756520019181,0.2505850000003311
26068,-191.58329832809878,0.2494450000003321
26144,-182.89661555883038,0.24830500000033306
26220,-180.2170756246541,0.24716500000033403
26296,-182.4507851118298,0.246025000000335
26372,-193.40991410361866,0.24488500000033597
26448,-179.50696521643064,0.24374500000033694
26524,-189.942014112979,0.2426050000003379
26600,-203.00390852136485,0.24146500000033888
26676,-191.55783051744984,0.24032500000033985
26752,-195.4253803925709,0.23918500000034082
26828,-177.4606171970355,0.2380450000003418
26904,-203.14821225673464,0.23690500000034276
26980,-178.85355055274422,0.23576500000034373
27056,-195.42238577559507,0.2346250000003447
27132,-170.4789970119797,0.23348500000034567
27208,-189.0861892549241,0.23234500000034664
27284,-195.47809619889335,0.2312050000003476
27360,-196.86521515387005,0.23006500000034857
27436,-204.8965337657586,0.22892500000034954
27512,-169.64723896135362,0.2277850000003505
27588,-183.4716050591482,0.22664500000035148
27664,-203.35056438484537,0.22550500000035245
27740,-188.1183643201157,0.22436500000035342
27816,-175.57746512234536,0.2232250000003544
27892,-194.35556681327998,0.22208500000035536
27968,-182.29603948543667,0.22094500000035633
28044,-172.0929349362033,0.2198050000003573
28120,-200.5844230429614,0.21866500000035827
28196,-177.16218412005193,0.21752500000035924
28272,-182.48577190977653,0.2163850000003602
28348,-184.86616450501467,0.21524500000036118
28424,-181.91075006838102,0.21410500000036214
28500,-174.57866950694398,0.2129650000003631
28576,-192.38425345195552,0.21182500000036408
28652,-204.72173484219593,0.21068500000036505
28728,-185.0171450326626,0.20954500000036602
28804,-185.28128680395048,0.208405000000367
28880,-180.73608938972808,0.20726500000036796
28956,-185.91164283296885,0.20612500000036893
29032,-176.93714723653795,0.2049850000003699
29108,-178.51258634925125,0.20384500000037087
29184,-200.9505723367112,0.20270500000037184
29260,-167.94359438358364,0.2015650000003728
29336,-182.77534684412888,0.20042500000037378
29412,-206.44685535499536,0.19928500000037475
29488,-206.8762867309417,0.19814500000037572
29564,-214.48409929072952,0.19700500000037668
29640,-182.6595441189801,0.19586500000037765
29716,-177.09245005864994,0.19472500000037862
29792,-190.21999850191253,0.1935850000003796
29868,-191.4958058706707,0.19244500000038056
29944,-209.1432198917569,0.19130500000038153
30020,-197.66932538142933,0.1901650000003825
30096,-203.77160565503038,0.18902500000038347
30172,-189.349883357334,0.18788500000038444
30248,-185.4037286285839,0.1867450000003854
30324,-202.6047299632205,0.18560500000038638
30400,-195.44368540867703,0.18446500000038735
30476,-206.46538461438777,0.18332500000038832
30552,-175.3992706495408,0.18218500000038929
30628,-197.29374560740908,0.18104500000039025
30704,-205.31009707375475,0.17990500000039122
30780,-186.29133812698674,0.1787650000003922
30856,-181.92563180748584,0.17762500000039316
30932,-197.3409372089615,0.17648500000039413
31008,-177.02190210304374,0.1753450000003951
31084,-195.75736926967195,0.17420500000039607
31160,-170.35414275391892,0.17306500000039704
31236,-177.87227462898437,0.171925000000398
31312,-176.6347340011805,0.17078500000039898
31388,-193.02699301736777,0.16964500000039995
31464,-206.4582043234686,0.16850500000040092
31540,-214.6286277500298,0.1673650000004019
31616,-183.1792610823225,0.16622500000040286
31692,-178.87814805606743,0.16508500000040383
31768,-176.39517991549812,0.1639450000004048
31844,-169.41191229804414,0.16280500000040576
31920,-179.80339128602728,0.16166500000040673
31996,-186.14868221080044,0.1605250000004077
32072,-197.39515341684407,0.15938500000040867
32148,-177.69910025451327,0.15824500000040964
32224,-192.7741195415041,0.1571050000004106
32300,-183.45040895983917,0.15596500000041158
32376,-178.74735679847547,0.15482500000041255
32452,-184.69073700230533,0.15368500000041352
32528,-187.16769125376413,0.1525450000004145
32604,-176.9702675853277,0.15140500000041546
32680,-180.56459737789217,0.15026500000041643
32756,-187.42690951962507,0.1491250000004174
32832,-182.65812588266323,0.14798500000041837
32908,-180.728454841226,0.14684500000041933
32984,-185.8162019353471,0.1457050000004203
33060,-182.63314988975122,0.14456500000042127
33136,-195.89349088609748,0.14342500000042224
33212,-169.4804273618219,0.1422850000004232
33288,-203.0611479342394,0.14114500000042418
33364,-167.25029082197847,0.14000500000042515
33440,-201.88552912531435,0.13886500000042612
33516,-191.8383040779098,0.1377250000004271
33592,-178.1978126979967,0.13658500000042806
33668,-180.87854410767272,0.13544500000042903
33744,-187.60910156967284,0.13430500000043
33820,-186.80830639270496,0.13316500000043097
33896,-196.57799217244704,0.13202500000043194
33972,-167.4766503940228,0.1308850000004329
34048,-181.86047310635854,0.12974500000043387
34124,-186.90169351650616,0.12860500000043484
34200,-168.80096916577583,0.1274650000004358
34276,-220.7272051416255,0.12632500000043678
34352,-179.49814763648374,0.12518500000043775
34428,-172.90874444168202,0.12404500000043783
34504,-211.6831627681147,0.12290500000043775
34580,-181.30749232149924,0.12176500000043766
34656,-175.21362648468852,0.12062500000043758
34732,-165.00877743750544,0.11948500000043749
34808,-218.8568071762991,0.1183450000004374
34884,-186.62016552641876,0.11720500000043732
34960,-190.02608407240328,0.11606500000043724
35036,-174.30688288083172,0.11492500000043715
35112,-163.1863210281114,0.11378500000043706
35188,-192.434717275045,0.11264500000043698
35264,-184.43952962294182,0.1115050000004369
35340,-208.56378448085627,0.11036500000043681
35416,-194.36325129529973,0.10922500000043672
35492,-176.87268645678859,0.10808500000043664
35568,-173.91817968909513,0.10694500000043655
35644,-178.37162592830563,0.10580500000043647
35720,-176.52807577436562,0.10466500000043638
35796,-196.8990381157834,0.1035250000004363
35872,-188.7372122718477,0.10238500000043621
35948,-190.20346872157586,0.10124500000043613
36024,-179.99512363306624,0.10010500000043604
36100,-177.75510565504834,0.09896500000043595
36176,-195.25855904449355,0.09782500000043587
36252,-179.95985286897795,0.09668500000043578
36328,-187.6679861332824,0.0955450000004357
36404,-214.6164241482316,0.09440500000043561
36480,-202.10668282325747,0.09326500000043553
36556,-192.11165784512332,0.09212500000043544
36632,-171.9717316812813,0.09098500000043536
36708,-189.13937094749744,0.08984500000043527
36784,-168.30243859647436,0.08870500000043519
36860,-190.93509644229752,0.0875650000004351
36936,-192.56717383902972,0.08642500000043501
37012,-194.13427267539927,0.08528500000043493
37088,-184.8621232811732,0.08414500000043484
37164,-170.0986260254045,0.08300500000043476
37240,-203.23966719061346,0.08186500000043467
37316,-201.1594839056932,0.08072500000043459
37392,-186.71277712971334,0.0795850000004345
37468,-187.24454831260488,0.07844500000043442
37544,-195.8128248654788,0.07730500000043433
37620,-176.05309337814842,0.07616500000043425
37696,-169.0252624681,0.07502500000043416
37772,-185.2950404130215,0.07388500000043408
37848,-192.21233390591868,0.07274500000043399
37924,-193.14211776831993,0.0716050000004339
38000,-190.19761331468067,0.07046500000043382
38076,-187.73929283323378,0.06932500000043373
38152,-177.15996388652613,0.06818500000043365
38228,-180.86952125109408,0.06704500000043356
38304,-195.4645232491587,0.06590500000043348
38380,-175.4772427600869,0.06476500000043339
38456,-201.34772324155114,0.06362500000043331
38532,-184.57733144341904,0.06248500000043322
38608,-185.28135653669577,0.061345000000433136
38684,-197.77520657953818,0.06020500000043305
38760,-176.25188718091542,0.059065000000432966
38836,-189.40624176167944,0.05792500000043288
38912,-207.90582285605893,0.056785000000432795
38988,-182.20277362322915,0.05564500000043271
39064,-182.86395114230888,0.054505000000432624
39140,-202.12519684900744,0.05336500000043254
39216,-193.70815204044507,0.05222500000043245
39292,-185.30066452338346,0.05108500000043237
39368,-187.64668146154753,0.04994500000043228
39444,-180.36734986916704,0.0488050000004322
39520,-171.84962721920326,0.04766500000043211
39596,-196.18583206268934,0.046525000000432026
39672,-170.01801251173194,0.04538500000043194
39748,-183.01951167190379,0.044245000000431856
39824,-180.09242044293808,0.04310500000043177
39900,-175.4382266175113,0.041965000000431685
39976,-197.97984434060425,0.0408250000004316
40052,-194.83680262661176,0.039685000000431514
40128,-194.21782015678724,0.03854500000043143
40204,-176.39510689746993,0.03740500000043134
40280,-161.41843174260583,0.03626500000043126
40356,-175.9622607449888,0.03512500000043117
40432,-175.7177983803338,0.03398500000043109
40508,-187.87648413018448,0.032845000000431
40584,-197.29025847624357,0.031705000000430916
40660,-172.28677746854288,0.03056500000043083
40736,-174.3331571802167,0.029425000000430745
40812,-197.04187639986608,0.02828500000043066
40888,-209.5682187890742,0.027145000000430575
40964,-176.73891495018123,0.02600500000043049
41040,-201.76087746160204,0.024865000000430404
41116,-193.84585921502838,0.02372500000043032
41192,-175.7764514672451,0.022585000000430233
41268,-166.21079477136604,0.021445000000430148
41344,-179.74512396866027,0.020305000000430062
41420,-182.91018151281125,0.019165000000429977
41496,-174.5242281892081,0.01802500000042989
41572,-171.44621967335635,0.016885000000429806
41648,-185.6652541396047,0.01574500000042972
41724,-199.70049065432354,0.014605000000429753
41800,-174.45374200405038,0.0134650000004298
41876,-192.37214052178723,0.012325000000429846
41952,-182.8845671228649,0.011185000000429893
42028,-182.63326978659978,0.01004500000042994
42104,-188.18284152785182,0.01
42180,-178.9332595502443,0.01
42256,-195.1466871328479,0.01
42332,-180.99260515726294,0.01
42408,-221.03621338548595,0.01
42484,-185.94814825064128,0.01
42560,-186.0566328946233,0.01
42636,-177.2130824686291,0.01
42712,-187.9308323219835,0.01
42788,-185.2843874813519,0.01
42864,-176.5202627661105,0.01
42940,-173.96707472431748,0.01
43016,-188.06145919948824,0.01
43092,-184.87328150155554,0.01
43168,-201.32712612643516,0.01
43244,-169.83869339200587,0.01
43320,-184.6676437672907,0.01
43396,-196.08159404955018,0.01
43472,-182.26301448643258,0.01
43548,-185.17958803890272,0.01
43624,-169.13319470693892,0.01
43700,-202.4651766893663,0.01
43776,-186.48274231863735,0.01
43852,-188.8525596000522,0.01
43928,-181.0253490337515,0.01
44004,-187.3694797135584,0.01
44080,-172.23753691123554,0.01
44156,-198.680188550228,0.01
44232,-195.13314170210623,0.01
44308,-198.65568003036873,0.01
44384,-183.01872037402845,0.01
44460,-187.6881728541596,0.01
44536,-181.43635131587536,0.01
44612,-190.2934823229885,0.01
44688,-182.20482577698024,0.01
44764,-191.05955795081022,0.01
44840,-175.55096815276642,0.01
44916,-172.8019733035063,0.01
44992,-168.75305700661073,0.01
45068,-183.026441016831,0.01
45144,-183.37265784240654,0.01
45220,-180.6577856512356,0.01
45296,-181.34501188493937,0.01
45372,-181.6486264535274,0.01
45448,-187.30505412211562,0.01
45524,-184.9009517257397,0.01
45600,-183.69698252220513,0.01
45676,-175.27352311599333,0.01
45752,-173.94490891852837,0.01
45828,-189.03887408590754,0.01
45904,-174.73707939598293,0.01
45980,-192.86682835884315,0.01
46056,-192.04750910609837,0.01
46132,-180.81079351303842,0.01
46208,-168.58762861533492,0.01
46284,-205.01132058614226,0.01
46360,-180.69542259049157,0.01
46436,-181.71626646730405,0.01
46512,-177.31545661056833,0.01
46588,-186.2168857372094,0.01
46664,-201.42335236067996,0.01
46740,-241.2964109950647,0.01
46816,-194.61707638733807,0.01
46892,-189.6557804756365,0.01
46968,-185.96711490328713,0.01
47044,-187.0705478468361,0.01
47120,-182.5479665887368,0.01
47196,-196.44353008009455,0.01
47272,-199.58436069502864,0.01
47348,-186.43118729947548,0.01
47424,-187.55731404655174,0.01
47500,-177.0800625156226,0.01
47576,-182.73091844310832,0.01
47652,-184.00521274046102,0.01
47728,-161.03680463964648,0.01
47804,-189.77962983098908,0.01
47880,-196.30321353965192,0.01
47956,-189.5581995435804,0.01
48032,-203.38115802911776,0.01
48108,-182.44380614145308,0.01
48184,-194.30872834308317,0.01
48260,-186.19911483264195,0.01
48336,-184.6070166088116,0.01
48412,-182.10023104066198,0.01
48488,-178.06720529001973,0.01
48564,-204.9424840861845,0.01
48640,-197.77355511913004,0.01
48716,-175.1503579681873,0.01
48792,-180.23854913193014,0.01
48868,-200.69210830372927,0.01
48944,-197.27874842853097,0.01
49020,-195.29622470762484,0.01
49096,-184.86597654067495,0.01
49172,-188.07648234853406,0.01
49248,-193.62108236883074,0.01
49324,-182.62202004241863,0.01
49400,-176.25275403990148,0.01
49476,-185.04175847724477,0.01
49552,-182.78659558247452,0.01
49628,-167.63323599529522,0.01
49704,-179.41611521535745,0.01
49780,-197.66482921840924,0.01
49856,-182.04457649695775,0.01
49932,-187.14314046762354,0.01
50008,-171.08960780081543,0.01
50084,-170.15120311636483,0.01
50160,-176.19136940418022,0.01
50236,-191.3143585434945,0.01
50312,-190.85417025177804,0.01
50388,-235.23387159991762,0.01
50464,-195.8713632847417,0.01
50540,-188.8678734278575,0.01
50616,-205.96302582022648,0.01
50692,-184.65988834405812,0.01
50768,-178.83127383921735,0.01
50844,-197.46863746401806,0.01
50920,-168.20448793215235,0.01
50996,-181.87544283931308,0.01
51072,-178.85210093400235,0.01
51148,-177.99656046165026,0.01
51224,-202.8679816769329,0.01
51300,-184.2473788465363,0.01
51376,-166.23610566399697,0.01
51452,-189.93345135804748,0.01
51528,-173.81216944935673,0.01
51604,-183.4631917123697,0.01
51680,-183.5168395418742,0.01
51756,-188.51837919812476,0.01
51832,-186.13861800514397,0.01
51908,-193.42133868039915,0.01
51984,-183.20756589168508,0.01
52060,-198.08910747676686,0.01
52136,-188.77020464666995,0.01
52212,-169.3016170154012,0.01
52288,-180.9948552186476,0.01
52364,-173.86201574656332,0.01
52440,-208.51565950923523,0.01
52516,-189.2876285183733,0.01
52592,-182.46027500026491,0.01
52668,-166.32511653678748,0.01
52744,-167.081368014556,0.01
52820,-175.9172072181276,0.01
52896,-177.706773967904,0.01
52972,-173.47422288403288,0.01
53048,-186.99376928764661,0.01
53124,-188.81691439001773,0.01
53200,-204.66119120268812,0.01
53276,-184.0483746866476,0.01
53352,-189.47919687760339,0.01
53428,-184.87036080451912,0.01
53504,-173.93926726708256,0.01
53580,-186.4650715770992,0.01
53656,-190.7836814834535,0.01
53732,-182.76196512191493,0.01
53808,-193.13227440698938,0.01
53884,-178.88068305973235,0.01
53960,-174.5460038228032,0.01
54036,-195.99600469447535,0.01
54112,-203.26136697398022,0.01
54188,-190.74568468645063,0.01
54264,-182.33726623917627,0.01
54340,-189.55400561145976,0.01
54416,-184.6830396541059,0.01
54492,-168.179197564795,0.01
54568,-179.4426075547757,0.01
54644,-196.58693480321986,0.01
54720,-195.59133387346745,0.01
54796,-178.59783316836973,0.01
54872,-181.3104234459014,0.01
54948,-194.0383424305674,0.01
55024,-188.08962996936594,0.01
55100,-189.6100942621714,0.01
55176,-201.68412411885987,0.01
55252,-199.08090471805826,0.01
55328,-171.26080588508302,0.01
55404,-179.17051818313854,0.01
55480,-186.00196978895053,0.01
55556,-188.55717029590377,0.01
55632,-200.8613832054683,0.01
55708,-198.10774338197547,0.01
55784,-174.20851209757126,0.01
55860,-189.17532851192306,0.01
55936,-177.538224327532,0.01
56012,-177.3217722242474,0.01
56088,-177.66609680497822,0.01
56164,-195.64239644315342,0.01
56240,-179.06432075741915,0.01
56316,-176.58491155594334,0.01
56392,-200.70820974364693,0.01
56468,-213.7655161590643,0.01
56544,-180.25513625634983,0.01
56620,-180.5005803393806,0.01
56696,-182.67332832214987,0.01
56772,-169.65507068510533,0.01
56848,-189.8029462945282,0.01
56924,-171.90317679452738,0.01
57000,-178.16592414383115,0.01
57076,-199.4835244503668,0.01
57152,-200.66624700080789,0.01
57228,-205.19890858509606,0.01
57304,-172.87170830791052,0.01
57380,-189.2561941560223,0.01
57456,-176.5968960771195,0.01
57532,-177.27533719867975,0.01
57608,-190.31779081726825,0.01
57684,-175.64483085928606,0.01
57760,-176.1514134989139,0.01
57836,-188.4823895357882,0.01
57912,-188.26031220111088,0.01
57988,-188.24946342039703,0.01
58064,-200.77863580762602,0.01
58140,-172.73835291906275,0.01
58216,-192.67331611777078,0.01
58292,-188.3424241104797,0.01
58368,-208.96036987473425,0.01
58444,-175.70728240219933,0.01
58520,-186.9360025399332,0.01
58596,-218.86069248657344,0.01
58672,-172.8877623682445,0.01
58748,-178.23597512529722,0.01
58824,-178.81081324789272,0.01
58900,-190.03336616574822,0.01
58976,-204.38056717182545,0.01
59052,-194.15052967527947,0.01
59128,-190.66437538427402,0.01
59204,-181.22391419493943,0.01
59280,-176.49049928838448,0.01
59356,-198.29523649117846,0.01
59432,-187.31466738080988,0.01
59508,-190.46762601413508,0.01
59584,-176.705641613062,0.01
59660,-179.8771285556062,0.01
59736,-201.03206175124586,0.01
59812,-177.7794055607335,0.01
59888,-181.2070940685792,0.01
59964,-181.64316023593787,0.01
60040,-204.62715105371808,0.01
60116,-190.42392217346577,0.01
60192,-164.09868053206657,0.01
60268,-207.6491332839558,0.01
60344,-182.63961762826335,0.01
60420,-187.21396694953532,0.01
60496,-178.9970781118061,0.01
60572,-179.84856563676126,0.01
60648,-200.03043726528486,0.01
60724,-180.25300300797318,0.01
60800,-203.33890305914178,0.01
60876,-196.24791251202538,0.01
60952,-195.7180171136917,0.01
61028,-201.04410653932672,0.01
61104,-171.85228076250212,0.01
61180,-191.31219490707323,0.01
61256,-195.14054934663486,0.01
61332,-205.76268797496056,0.01
61408,-190.94493849081434,0.01
61484,-183.081652385281,0.01
61560,-163.90618010105823,0.01
61636,-181.77256247946127,0.01
61712,-181.75142433801483,0.01
61788,-170.21235867353477,0.01
61864,-174.69019752050764,0.01
61940,-196.58305235167836,0.01
62016,-183.1918375031792,0.01
62092,-182.86290047424856,0.01
62168,-197.70769591565477,0.01
62244,-168.95504695764717,0.01
62320,-184.03739021911736,0.01
62396,-174.8873943508687,0.01
62472,-174.44546396321377,0.01
62548,-197.17716683516556,0.01
62624,-179.75182671106546,0.01
62700,-182.9414039348904,0.01
62776,-198.23495653205353,0.01
62852,-180.09212272857096,0.01
62928,-196.87397257588887,0.01
63004,-177.23563947370758,0.01
63080,-180.64517098826838,0.01
63156,-185.39408676153985,0.01
63232,-181.85432453893347,0.01
63308,-177.52888235628734,0.01
63384,-182.7286350097771,0.01
63460,-200.84660410515426,0.01
63536,-160.7683816573152,0.01
63612,-181.97615712122942,0.01
63688,-175.45262672611318,0.01
63764,-181.02111647576268,0.01
63840,-199.33241331309125,0.01
63916,-179.77540302597447,0.01
63992,-211.935569804784,0.01
64068,-185.46051354684846,0.01
64144,-183.72699366163846,0.01
64220,-213.6640851323177,0.01
64296,-195.69337494526977,0.01
64372,-208.10392616007033,0.01
64448,-197.65158161805195,0.01
64524,-189.0143574907555,0.01
64600,-177.5195511305292,0.01
64676,-203.4098756836285,0.01
64752,-185.8504153518895,0.01
64828,-206.42344194271556,0.01
64904,-198.13258275941098,0.01
64980,-188.3749603227671,0.01
65056,-176.16481079389683,0.01
65132,-196.8408107405289,0.01
65208,-193.57383234079742,0.01
65284,-162.03911799657,0.01
65360,-176.997320944766,0.01
65436,-187.5767603471093,0.01
65512,-194.5212865065553,0.01
65588,-181.64152349510854,0.01
65664,-183.03307190858823,0.01
65740,-172.11443709748391,0.01
65816,-206.86885653726327,0.01
65892,-181.06620458450985,0.01
65968,-197.3016094092415,0.01
66044,-179.78034706406186,0.01
66120,-184.35105833236875,0.01
66196,-182.05392241824464,0.01
66272,-203.75833898215757,0.01
66348,-178.9686240138176,0.01
66424,-189.7527310598264,0.01
66500,-172.73534113710932,0.01
66576,-184.07551759028564,0.01
66652,-202.0083490599154,0.01
66728,-170.7506408260736,0.01
66804,-183.74717333147393,0.01
66880,-187.2201806498827,0.01
66956,-200.21156669024103,0.01
67032,-202.2935229071194,0.01
67108,-207.8569028226171,0.01
67184,-187.61212892207743,0.01
67260,-174.52806053379837,0.01
67336,-182.5616946875662,0.01
67412,-195.52574067802058,0.01
67488,-180.77384327695017,0.01
67564,-185.69776767686346,0.01
67640,-175.3433202711958,0.01
67716,-204.42162361673937,0.01
67792,-186.9149360096101,0.01
67868,-191.02190981023466,0.01
67944,-223.21002558984208,0.01
68020,-183.66024281291766,0.01
68096,-174.4798256862895,0.01
68172,-175.66697134803928,0.01
68248,-183.19281349947642,0.01
68324,-175.39670302353844,0.01
68400,-186.75439546029546,0.01
