911214020-2019-09-03,"[386, 388, 389, 390, 391, 14956, 393, 394, 395, 396, 397, 17169, 17162, 14959, 402, 403, 17163, 15848, 406, 14500, 15852, 409, 18047, 17841, 412, 413, 14764, 415, 416, 417, 15185, 16110, 420, 421, 16088, 423, 15364, 425, 15384, 427, 428, 429, 430, 431, 4727, 432, 15279, 16049, 435, 436, 437, 14647, 439, 440, 12754, 442, 443, 445, 446, 18122, 448, 1119, 1120, 1121, 3953, 3954, 8613]"
911214020-2019-09-04,"[386, 388, 389, 390, 391, 14956, 393, 394, 395, 396, 397, 17169, 17162, 14959, 402, 403, 17163, 15848, 406, 14500, 15852, 409, 18047, 17841, 412, 413, 14764, 415, 416, 417, 15185, 16110, 420, 421, 16088, 423, 15364, 425, 15384, 427, 428, 429, 430, 431, 4727, 432, 15279, 16049, 435, 436, 437, 14647, 439, 440, 12754, 442, 443, 445, 446, 18122, 448, 1119, 1120, 1121, 3953, 3954, 8613]"
911214020-2019-09-05,"[386, 388, 389, 390, 391, 14956, 393, 394, 395, 396, 397, 17169, 17162, 14959, 402, 403, 17163, 15848, 406, 14500, 15852, 409, 18047, 17841, 412, 413, 14764, 415, 416, 417, 15185, 16110, 420, 421, 16088, 423, 15364, 425, 15384, 427, 428, 429, 430, 431, 4727, 432, 15279, 16049, 435, 436, 437, 14647, 439, 440, 12754, 442, 443, 445, 446, 18122, 448, 1119, 1120, 1121, 3953, 3954, 8613]"
911214020-2019-09-06,"[386, 388, 389, 390, 391, 14956, 393, 394, 395, 396, 397, 17169, 17162, 14959, 402, 403, 17163, 15848, 406, 14500, 15852, 409, 18047, 17841, 412, 413, 14764, 415, 416, 417, 15185, 16110, 420, 421, 16088, 423, 15364, 425, 15384, 427, 428, 429, 430, 431, 4727, 432, 15279, 16049, 435, 436, 437, 14647, 439, 440, 12754, 442, 443, 445, 446, 18122, 448, 1119, 1120, 1121, 3953, 3954, 8613]"
911377020-2019-09-03,[]
911377020-2019-09-04,"[386, 388, 389, 390, 391, 14956, 393, 394, 395, 396, 397, 17169, 17162, 14959, 402, 403, 17163, 15848, 406, 14500, 15852, 409, 18047, 17841, 412, 413, 14764, 415, 416, 417, 15185, 16110, 420, 421, 16088, 423, 15364, 425, 15384, 427, 428, 429, 430, 431, 4727, 432, 15279, 16049, 435, 436, 437, 14647, 439, 440, 12754, 442, 443, 445, 446, 18122, 448, 1119, 1120, 1121, 3953, 3954, 8613]"
911377020-2019-09-05,"[386, 388, 389, 390, 391, 14956, 393, 394, 395, 396, 397, 17169, 17162, 14959, 402, 403, 17163, 15848, 406, 14500, 15852, 409, 18047, 17841, 412, 413, 14764, 415, 416, 417, 15185, 16110, 420, 421, 16088, 423, 15364, 425, 15384, 427, 428, 429, 430, 431, 4727, 432, 15279, 16049, 435, 436, 437, 14647, 439, 440, 12754, 442, 443, 445, 446, 18122, 448, 1119, 1120, 1121, 3953, 3954, 8613]"
911377020-2019-09-06,"[386, 388, 389, 390, 391, 14956, 393, 394, 395, 396, 397, 17169, 17162, 14959, 402, 403, 17163, 15848, 406, 14500, 15852, 409, 18047, 17841, 412, 413, 14764, 415, 416, 417, 15185, 16110, 420, 421, 16088, 423, 15364, 425, 15384, 427, 428, 429, 430, 431, 4727, 432, 15279, 16049, 435, 436, 437, 14647, 439, 440, 12754, 442, 443, 445, 446, 18122, 448, 1119, 1120, 1121, 3953, 3954, 8613]"
911283020-2019-09-03,"[386, 388, 389, 390, 391, 14956, 393, 394, 395, 396, 397, 17169, 17162, 14959, 402, 403, 17163, 15848, 406, 14500, 15852, 409, 18047, 17841, 412, 413, 14764, 415, 416, 417, 15185, 16110, 420, 421, 16088, 423, 15364, 425, 15384, 427, 428, 429, 430, 431, 4727, 432, 15279, 16049, 435, 436, 437, 14647, 439, 440, 12754, 442, 443, 445, 446, 18122, 448, 1119, 1120, 1121, 3953, 3954, 8613]"
911283020-2019-09-04,"[386, 388, 389, 390, 391, 14956, 393, 394, 395, 396, 397, 17169, 17162, 14959, 402, 403, 17163, 15848, 406, 14500, 15852, 409, 18047, 17841, 412, 413, 14764, 415, 416, 417, 15185, 16110, 420, 421, 16088, 423, 15364, 425, 15384, 427, 428, 429, 430, 431, 4727, 432, 15279, 16049, 435, 436, 437, 14647, 439, 440, 12754, 442, 443, 445, 446, 18122, 448, 1119, 1120, 1121, 3953, 3954, 8613]"
911283020-2019-09-05,"[386, 388, 389, 390, 391, 14956, 393, 394, 395, 396, 397, 17169, 17162, 14959, 402, 403, 17163, 15848, 406, 14500, 15852, 409, 18047, 17841, 412, 413, 14764, 415, 416, 417, 15185, 16110, 420, 421, 16088, 423, 15364, 425, 15384, 427, 428, 429, 430, 431, 4727, 432, 15279, 16049, 435, 436, 437, 14647, 439, 440, 12754, 442, 443, 445, 446, 18122, 448, 1119, 1120, 1121, 3953, 3954, 8613]"
911283020-2019-09-06,"[386, 388, 389, 390, 391, 14956, 393, 394, 395, 396, 397, 17169, 17162, 14959, 402, 403, 17163, 15848, 406, 14500, 15852, 409, 18047, 17841, 412, 413, 14764, 415, 416, 417, 15185, 16110, 420, 421, 16088, 423, 15364, 425, 15384, 427, 428, 429, 430, 431, 4727, 432, 15279, 16049, 435, 436, 437, 14647, 439, 440, 12754, 442, 443, 445, 446, 18122, 448, 1119, 1120, 1121, 3953, 3954, 8613]"
910985020-2019-09-03,"[386, 388, 389, 390, 391, 14956, 393, 394, 395, 396, 397, 17169, 17162, 14959, 402, 403, 17163, 15848, 406, 14500, 15852, 409, 18047, 17841, 412, 413, 14764, 415, 416, 417, 15185, 16110, 420, 421, 16088, 423, 15364, 425, 15384, 427, 428, 429, 430, 431, 4727, 432, 15279, 16049, 435, 436, 437, 14647, 439, 440, 12754, 442, 443, 445, 446, 18122, 448, 1119, 1120, 1121, 3953, 3954, 8613]"
910985020-2019-09-04,"[386, 388, 389, 390, 391, 14956, 393, 394, 395, 396, 397, 17169, 17162, 14959, 402, 403, 17163, 15848, 406, 14500, 15852, 409, 18047, 17841, 412, 413, 14764, 415, 416, 417, 15185, 16110, 420, 421, 16088, 423, 15364, 425, 15384, 427, 428, 429, 430, 431, 4727, 432, 15279, 16049, 435, 436, 437, 14647, 439, 440, 12754, 442, 443, 445, 446, 18122, 448, 1119, 1120, 1121, 3953, 3954, 8613]"
910985020-2019-09-05,"[386, 388, 389, 390, 391, 14956, 393, 394, 395, 396, 397, 17169, 17162, 14959, 402, 403, 17163, 15848, 406, 14500, 15852, 409, 18047, 17841, 412, 413, 14764, 415, 416, 417, 15185, 16110, 420, 421, 16088, 423, 15364, 425, 15384, 427, 428, 429, 430, 431, 4727, 432, 15279, 16049, 435, 436, 437, 14647, 439, 440, 12754, 442, 443, 445, 446, 18122, 448, 1119, 1120, 1121, 3953, 3954, 8613]"
910985020-2019-09-06,[]
911298020-2019-09-03,"[386, 388, 389, 390, 391, 14956, 393, 394, 395, 396, 397, 17169, 17162, 14959, 402, 403, 17163, 15848, 406, 14500, 15852, 409, 18047, 17841, 412, 413, 14764, 415, 416, 417, 15185, 16110, 420, 421, 16088, 423, 15364, 425, 15384, 427, 428, 429, 430, 431, 4727, 432, 15279, 16049, 435, 436, 437, 14647, 439, 440, 12754, 442, 443, 445, 446, 18122, 448, 1119, 1120, 1121, 3953, 3954, 8613]"
911298020-2019-09-04,"[17169, 17162, 14959, 402, 403, 17163, 15848, 406, 14500, 15852, 409, 18047, 17841, 412, 413, 14764, 415, 416, 417, 15185, 16110, 420, 421, 16088, 423, 15364, 425, 15384, 427, 428, 429, 430, 431, 4727, 432, 15279, 16049, 435, 436, 437, 14647, 439, 440, 12754, 442, 443, 445, 446, 18122, 448, 1119, 1120, 1121, 3953, 3954, 8613]"
911298020-2019-09-05,"[386, 388, 389, 390, 391, 14956, 393, 394, 395, 396, 397, 17169, 17162, 14959, 402, 403, 17163, 15848, 406, 14500, 15852, 409, 18047, 17841, 412, 413, 14764, 415, 416, 417, 15185, 16110, 420, 421, 16088, 423, 15364, 425, 15384, 427, 428, 429, 430, 431, 4727, 432, 15279, 16049, 435, 436, 437, 14647, 439, 440, 12754, 442, 443, 445, 446, 18122, 448, 1119, 1120, 1121, 3953, 3954, 8613]"
911298020-2019-09-06,"[386, 388, 389, 390, 391, 14956, 393, 394, 395, 396, 397, 17169, 17162, 14959, 402, 403, 17163, 15848, 406, 14500, 15852, 409, 18047, 17841, 412, 413, 14764, 415, 416, 417, 15185, 16110, 420, 421, 16088, 423, 15364, 425, 15384, 427, 428, 429, 430, 431, 4727, 432, 15279, 16049, 435, 436, 437, 14647, 439, 440, 12754, 442, 443, 445, 446, 18122, 448, 1119, 1120, 1121, 3953, 3954, 8613]"
910955020-2019-09-03,"[386, 388, 389, 390, 391, 14956, 393, 394, 395, 396, 397, 17169, 17162, 14959, 402, 403, 17163, 15848, 406, 14500, 15852, 409, 18047, 17841, 412, 413, 14764, 415, 416, 417, 15185, 16110, 420, 421, 16088, 423, 15364, 425, 15384, 427, 428, 429, 430, 431, 4727, 432, 15279, 16049, 435, 436, 437, 14647, 439, 440, 12754, 442, 443, 445, 446, 18122, 448, 1119, 1120, 1121, 3953, 3954]"
910955020-2019-09-04,"[386, 388, 389, 390, 391, 14956, 393, 394, 395, 396, 397, 17169, 17162, 14959, 402, 403, 17163, 15848, 406, 14500, 15852, 409, 18047, 17841, 412, 413, 14764, 415, 416, 417, 15185, 16110, 420, 421, 16088, 423, 15364, 425, 15384, 427, 428, 429, 430, 431, 4727, 432, 15279, 16049, 435, 436, 437, 14647, 439, 440, 12754, 442, 443, 445, 446, 18122, 448, 1119, 1120, 1121, 3953, 3954, 8613]"
910955020-2019-09-05,"[386, 388, 389, 390, 391, 14956, 393, 394, 395, 396, 397, 17169, 17162, 14959, 402, 403, 17163, 15848, 406, 14500, 15852, 409, 18047, 17841, 412, 413, 14764, 415, 416, 417, 15185, 16110, 420, 421, 16088, 423, 15364, 425, 15384, 427, 428, 429, 430, 431, 4727, 432, 15279, 16049, 435, 436, 437, 14647, 439, 440, 12754, 442, 443, 445, 446, 18122, 448, 1119, 1120, 1121, 3953, 3954, 8613]"
910955020-2019-09-06,"[386, 388, 389, 390, 391, 14956, 393, 394, 395, 396, 397, 17169, 17162, 14959, 402, 403, 17163, 15848, 406, 14500, 15852, 409, 18047, 17841, 412, 413, 14764, 415, 416, 417, 15185, 16110, 420, 421, 16088, 423, 15364, 425, 15384, 427, 428, 429, 430, 431, 4727, 432, 15279, 16049, 435, 436, 437, 14647, 439, 440, 12754, 442, 443, 445, 446, 18122, 448, 1119, 1120, 1121, 3953, 3954, 8613]"
911004030-2019-09-03,[]
911004030-2019-09-04,"[386, 388, 389, 390, 391, 14956, 393, 394, 395, 396, 397, 17169, 17162, 14959, 402, 403, 17163, 15848, 406, 14500, 15852, 409, 18047, 17841, 412, 413, 14764, 415, 416, 417, 15185, 16110, 420, 421, 16088, 423, 15364, 425, 15384, 427, 428, 429, 430, 431, 4727, 432, 15279, 16049, 435, 436, 437, 14647, 439, 440, 12754, 442, 443, 445, 446, 18122, 448, 1119, 1120, 1121, 3953, 3954, 8613]"
911004030-2019-09-05,"[386, 388, 389, 390, 391, 14956, 393, 394, 395, 396, 397, 17169, 17162, 14959, 402, 403, 17163, 15848, 406, 14500, 15852, 409, 18047, 17841, 412, 413, 14764, 415, 416, 417, 15185, 16110, 420, 421, 16088, 423, 15364, 425, 15384, 427, 428, 429, 430, 431, 4727, 432, 15279, 16049, 435, 436, 437, 14647, 439, 440, 12754, 442, 443, 445, 446, 18122, 448, 1119, 1120, 1121, 3953, 3954, 8613]"
911004030-2019-09-06,"[386, 388, 389, 390, 391, 14956, 393, 394, 395, 396, 397, 17169, 17162, 14959, 402, 403, 17163, 15848, 406, 14500, 15852, 409, 18047, 17841, 412, 413, 14764, 415, 416, 417, 15185, 16110, 420, 421, 16088, 423, 15364, 425, 15384, 427, 428, 429, 430, 431, 4727, 432, 15279, 16049, 435, 436, 437, 14647, 439, 440, 12754, 442, 443, 445, 446, 18122, 448, 1119, 1120, 1121, 3953, 3954, 8613]"
911457020-2019-09-03,"[386, 388, 389, 390, 391, 14956, 393, 394, 395, 396, 397, 17169, 17162, 14959, 402, 403, 17163, 15848, 406, 14500, 15852, 409, 18047, 17841, 412, 413, 14764, 415, 416, 417, 15185, 16110, 420, 421, 16088, 423, 15364, 425, 15384, 427, 428, 429, 430, 431, 4727, 432, 15279, 16049, 435, 436, 437, 14647, 439, 440, 12754, 442, 443, 445, 446, 18122, 448, 1119, 1120, 1121, 3953, 3954, 8613]"
911457020-2019-09-04,"[386, 388, 389, 390, 391, 14956, 393, 394, 395, 396, 397, 17169, 17162, 14959, 402, 403, 17163, 15848, 406, 14500, 15852, 409, 18047, 17841, 412, 413, 14764, 415, 416, 417, 15185, 16110, 420, 421, 16088, 423, 15364, 425, 15384, 427, 428, 429, 430, 431, 4727, 432, 15279, 16049, 435, 436, 437, 14647, 439, 440, 12754, 442, 443, 445, 446, 18122, 448, 1119, 1120, 1121, 3953, 3954, 8613]"
911457020-2019-09-05,"[386, 388, 389, 390, 391, 14956, 393, 394, 395, 396, 397, 17169, 17162, 14959, 402, 403, 17163, 15848, 406, 14500, 15852, 409, 18047, 17841, 412, 413, 14764, 415, 416, 417, 15185, 16110, 420, 421, 16088, 423, 15364, 425, 15384, 427, 428, 429, 430, 431, 4727, 432, 15279, 16049, 435, 436, 437, 14647, 439, 440, 12754, 442, 443, 445, 446, 18122, 448, 1119, 1120, 1121, 3953, 3954, 8613]"
911457020-2019-09-06,"[386, 388, 389, 390, 391, 14956, 393, 394, 395, 396, 397, 17169, 17162, 14959, 402, 403, 17163, 15848, 406, 14500, 15852, 409, 18047, 17841, 412, 413, 14764, 415, 416, 417, 15185, 16110, 420, 421, 16088, 423, 15364, 425, 15384, 427, 428, 429, 430, 431, 4727, 432, 15279, 16049, 435, 436, 437, 14647, 439, 440, 12754, 442, 443, 445, 446, 18122, 448, 1119, 1120, 1121, 3953, 3954, 8613]"
910579020-2019-09-03,"[386, 388, 389, 390, 391, 14956, 393, 394, 395, 396, 397, 17169, 17162, 14959, 402, 403, 17163, 15848, 406, 14500, 15852, 409, 18047, 17841, 412, 413, 14764, 415, 416, 417, 15185, 16110, 420, 421, 16088, 423, 15364, 425, 15384, 427, 428, 429, 430, 431, 4727, 432, 15279, 16049, 435, 436, 437, 14647, 439, 440, 12754, 442, 443, 445, 446, 18122, 448, 1119, 1120, 1121, 3953, 3954, 8613]"
910579020-2019-09-04,"[386, 388, 389, 390, 391, 14956, 393, 394, 395, 396, 397, 17169, 17162, 14959, 402, 403, 17163, 15848, 406, 14500, 15852, 409, 18047, 17841, 412, 413, 14764, 415, 416, 417, 15185, 16110, 420, 421, 16088, 423, 15364, 425, 15384, 427, 428, 429, 430, 431, 4727, 432, 15279, 16049, 435, 436, 437, 14647, 439, 440, 12754, 442, 443, 445, 446, 18122, 448, 1119, 1120, 1121, 3953, 3954, 8613]"
910579020-2019-09-05,"[386, 388, 389, 390, 391, 14956, 393, 394, 395, 396, 397, 17169, 17162, 14959, 402, 403, 17163, 15848, 406, 14500, 15852, 409, 18047, 17841, 412, 413, 14764, 415, 416, 417, 15185, 16110, 420, 421, 16088, 423, 15364, 425, 15384, 427, 428, 429, 430, 431, 4727, 432, 15279, 16049, 435, 436, 437, 14647, 439, 440, 12754, 442, 443, 445, 446, 18122, 448, 1119, 1120, 1121, 3953, 3954, 8613]"
910579020-2019-09-06,"[386, 388, 389, 390, 391, 14956, 393, 394, 395, 396, 397, 17169, 17162, 14959, 402, 403, 17163, 15848, 406, 14500, 15852, 409, 18047, 17841, 412, 413, 14764, 415, 416, 417, 15185, 16110, 420, 421, 16088, 423, 15364, 425, 15384, 427, 428, 429, 430, 431, 4727, 432, 15279, 16049, 435, 436, 437, 14647, 439, 440, 12754, 442, 443, 445, 446, 18122, 448, 1119, 1120, 1121, 3953, 3954, 8613]"
911242020-2019-09-03,"[386, 388, 389, 390, 391, 14956, 393, 394, 395, 396, 397, 17169, 17162, 14959, 402, 403, 17163, 15848, 406, 14500, 15852, 409, 18047, 17841, 412, 413, 14764, 415, 416, 417, 15185, 16110, 420, 421, 16088, 423, 15364, 425, 15384, 427, 428, 429, 430, 431, 4727, 432, 15279, 16049, 435, 436, 437, 14647, 439, 440, 12754, 442, 443, 445, 446, 18122, 448, 1119, 1120, 1121, 3953, 3954, 8613]"
911242020-2019-09-04,"[386, 388, 389, 390, 391, 14956, 393, 394, 395, 396, 397, 17169, 17162, 14959, 402, 403, 17163, 15848, 406, 14500, 15852, 409, 18047, 17841, 412, 413, 14764, 415, 416, 417, 15185, 16110, 420, 421, 16088, 423, 15364, 425, 15384, 427, 428, 429, 430, 431, 4727, 432, 15279, 16049, 435, 436, 437, 14647, 439, 440, 12754, 442, 443, 445, 446, 18122, 448, 1119, 1120, 1121, 3953, 3954, 8613]"
911242020-2019-09-06,"[386, 388, 389, 390, 391, 14956, 393, 394, 395, 396, 397, 17169, 17162, 14959, 402, 403, 17163, 15848, 406, 14500, 15852, 409, 18047, 17841, 412, 413, 14764, 415, 416, 417, 15185, 16110, 420, 421, 16088, 423, 15364, 425, 15384, 427, 428, 429, 430, 431, 4727, 432, 15279, 16049, 435, 436, 437, 14647, 439, 440, 12754, 442, 443, 445, 446, 18122, 448, 1119, 1120, 1121, 3953, 3954, 8613]"
910043020-2019-09-03,"[386, 388, 389, 390, 391, 14956, 393, 394, 395, 396, 397, 17169, 17162, 14959, 402, 403, 17163, 15848, 406, 14500, 15852, 409, 18047, 17841, 412, 413, 14764, 415, 416, 417, 15185, 16110, 420, 421, 16088, 423, 15364, 425, 15384, 427, 428, 429, 430, 431, 4727, 432, 15279, 16049, 435, 436, 437, 14647, 439, 440, 12754, 442, 443, 445, 446, 18122, 448, 1119, 1120, 1121, 3953, 3954, 8613]"
910043020-2019-09-04,"[386, 388, 389, 390, 391, 14956, 393, 394, 395, 396, 397, 17169, 17162, 14959, 402, 403, 17163, 15848, 406, 14500, 15852, 409, 18047, 17841, 412, 413, 14764, 415, 416, 417, 15185, 16110, 420, 421, 16088, 423, 15364, 425, 15384, 427, 428, 429, 430, 431, 4727, 432, 15279, 16049, 435, 436, 437, 14647, 439, 440, 12754, 442, 443, 445, 446, 18122, 448, 1119, 1120, 1121, 3953, 3954, 8613]"
910043020-2019-09-05,"[386, 388, 389, 390, 391, 14956, 393, 394, 395, 396, 397, 17169, 17162, 14959, 402, 403, 17163, 15848, 406, 14500, 15852, 409, 18047, 17841, 412, 413, 14764, 415, 416, 417, 15185, 16110, 420, 421, 16088, 423, 15364, 425, 15384, 427, 428, 429, 430, 431, 4727, 432, 15279, 16049, 435, 436, 437, 14647, 439, 440, 12754, 442, 443, 445, 446, 18122, 448, 1119, 1120, 1121, 3953, 3954, 8613]"
910043020-2019-09-06,"[386, 388, 389, 390, 391, 14956, 393, 394, 395, 396, 397, 17169, 17162, 14959, 402, 403, 17163, 15848, 406, 14500, 15852, 409, 18047, 17841, 412, 413, 14764, 415, 416, 417, 15185, 16110, 420, 421, 16088, 423, 15364, 425, 15384, 427, 428, 429, 430, 431, 4727, 432, 15279, 16049, 435, 436, 437, 14647, 439, 440, 12754, 442, 443, 445, 446, 18122, 448, 1119, 1120, 1121, 3953, 3954, 8613]"
911933020-2019-09-03,"[386, 388, 389, 390, 391, 14956, 393, 394, 395, 396, 397, 17169, 17162, 14959, 402, 403, 17163, 15848, 406, 14500, 15852, 409, 18047, 17841, 412, 413, 14764, 415, 416, 417, 15185, 16110, 420, 421, 16088, 423, 15364, 425, 15384, 427, 428, 429, 430, 431, 4727, 432, 15279, 16049, 435, 436, 437, 14647, 439, 440, 12754, 442, 443, 445, 446, 18122, 448, 1119, 1120, 1121, 3953, 3954, 8613]"
911933020-2019-09-04,"[386, 388, 389, 390, 391, 14956, 393, 394, 395, 396, 397, 17169, 17162, 14959, 402, 403, 17163, 15848, 406, 14500, 15852, 409, 18047, 17841, 412, 413, 14764, 415, 416, 417, 15185, 16110, 420, 421, 16088, 423, 15364, 425, 15384, 427, 428, 429, 430, 431, 4727, 432, 15279, 16049, 435, 436, 437, 14647, 439, 440, 12754, 442, 443, 445, 446, 18122, 448, 1119, 1120, 1121, 3953, 3954, 8613]"
911933020-2019-09-05,"[386, 388, 389, 390, 391, 14956, 393, 394, 395, 396, 397, 17169, 17162, 14959, 402, 403, 17163, 15848, 406, 14500, 15852, 409, 18047, 17841, 412, 413, 14764, 415, 416, 417, 15185, 16110, 420, 421, 16088, 423, 15364, 425, 15384, 427, 428, 429, 430, 431, 4727, 432, 15279, 16049, 435, 436, 437, 14647, 439, 440, 12754, 442, 443, 445, 446, 18122, 448, 1119, 1120, 1121, 3953, 3954, 8613]"
911933020-2019-09-06,"[386, 388, 389, 390, 391, 14956, 393, 394, 395, 396, 397, 17169, 17162, 14959, 402, 403, 17163, 15848, 406, 14500, 15852, 409, 18047, 17841, 412, 413, 14764, 415, 416, 417, 15185, 16110, 420, 421, 16088, 423, 15364, 425, 15384, 427, 428, 429, 430, 431, 4727, 432, 15279, 16049, 435, 436, 437, 14647, 439, 440, 12754, 442, 443, 445, 446, 18122, 448, 1119, 1120, 1121, 3953, 3954, 8613]"
911386020-2019-09-03,"[386, 388, 389, 390, 391, 14956, 393, 394, 395, 396, 397, 17169, 17162, 14959, 402, 403, 17163, 15848, 406, 14500, 15852, 409, 18047, 17841, 412, 413, 14764, 415, 416, 417, 15185, 16110, 420, 421, 16088, 423, 15364, 425, 15384, 427, 428, 429, 430, 431, 4727, 432, 15279, 16049, 435, 436, 437, 14647, 439, 440, 12754, 442, 443, 445, 446, 18122, 448, 1119, 1120, 1121, 3953, 3954, 8613]"
911386020-2019-09-04,"[386, 388, 389, 390, 391, 14956, 393, 394, 395, 396, 397, 17169, 17162, 14959, 402, 403, 17163, 15848, 406, 14500, 15852, 409, 18047, 17841, 412, 413, 14764, 415, 416, 417, 15185, 16110, 420, 421, 16088, 423, 15364, 425, 15384, 427, 428, 429, 430, 431, 4727, 432, 15279, 16049, 435, 436, 437, 14647, 439, 440, 12754, 442, 443, 445, 446, 18122, 448, 1119, 1120, 1121, 3953, 3954, 8613]"
911386020-2019-09-05,"[386, 388, 389, 390, 391, 14956, 393, 394, 395, 396, 397, 17169, 17162, 14959, 402, 403, 17163, 15848, 406, 14500, 15852, 409, 18047, 17841, 412, 413, 14764, 415, 416, 417, 15185, 16110, 420, 421, 16088, 423, 15364, 425, 15384, 427, 428, 429, 430, 431, 4727, 432, 15279, 16049, 435, 436, 437, 14647, 439, 440, 12754, 442, 443, 445, 446, 18122, 448, 1119, 1120, 1121, 3953, 3954, 8613]"
911386020-2019-09-06,"[386, 388, 389, 390, 391, 14956, 393, 394, 395, 396, 397, 17169, 17162, 14959, 402, 403, 17163, 15848, 406, 14500, 15852, 409, 18047, 17841, 412, 413, 14764, 415, 416, 417, 15185, 16110, 420, 421, 16088, 423, 15364, 425, 15384, 427, 428, 429, 430, 431, 4727, 432, 15279, 16049, 435, 436, 437, 14647, 439, 440, 12754, 442, 443, 445, 446, 18122, 448, 1119, 1120, 1121, 3953, 3954, 8613]"
911972020-2019-09-03,[]
911972020-2019-09-04,"[386, 388, 389, 390, 391, 14956, 393, 394, 395, 396, 397, 17169, 17162, 14959, 402, 403, 17163, 15848, 406, 14500, 15852, 409, 18047, 17841, 412, 413, 14764, 415, 416, 417, 15185, 16110, 420, 421, 16088, 423, 15364, 425, 15384, 427, 428, 429, 430, 431, 4727, 432, 15279, 16049, 435, 436, 437, 14647, 439, 440, 12754, 442, 443, 445, 446, 18122, 448, 1119, 1120, 1121, 3953, 3954, 8613]"
911972020-2019-09-05,"[386, 388, 389, 390, 391, 14956, 393, 394, 395, 396, 397, 17169, 17162, 14959, 402, 403, 17163, 15848, 406, 14500, 15852, 409, 18047, 17841, 412, 413, 14764, 415, 416, 417, 15185, 16110, 420, 421, 16088, 423, 15364, 425, 15384, 427, 428, 429, 430, 431, 4727, 432, 15279, 16049, 435, 436, 437, 14647, 439, 440, 12754, 442, 443, 445, 446, 18122, 448, 1119, 1120]"
911972020-2019-09-06,"[386, 388, 389, 390, 391, 14956, 393, 394, 395, 396, 397, 17169, 17162, 14959, 402, 403, 17163, 15848, 406, 14500, 15852, 409, 18047, 17841, 412, 413, 14764, 415, 416, 417, 15185, 16110, 420, 421, 16088, 423, 15364, 425, 15384, 427, 428, 429, 430, 431, 4727, 432, 15279, 16049, 435, 436, 437, 14647, 439, 440, 12754, 442, 443, 445, 446, 18122, 448, 1119, 1120, 1121, 3953, 3954, 8613]"
911318020-2019-09-03,"[386, 388, 389, 390, 391, 14956, 393, 394, 395, 396, 397, 17169, 17162, 14959, 402, 403, 17163, 15848, 406, 14500, 15852, 409, 18047, 17841, 412, 413, 14764, 415, 416, 417, 15185, 16110, 420, 421, 16088, 423, 15364, 425, 15384, 427, 428, 429, 430, 431, 4727, 432, 15279, 16049, 435, 436, 437, 14647, 439, 440, 12754, 442, 443, 445, 446, 18122, 448, 1119, 1120, 1121, 3953, 3954, 8613]"
911318020-2019-09-04,"[386, 388, 389, 390, 391, 14956, 393, 394, 395, 396, 397, 17169, 17162, 14959, 402]"
911318020-2019-09-05,"[386, 388, 389, 390, 391, 14956, 393, 394, 395, 396, 397, 17169, 17162, 14959, 402, 403, 17163, 15848, 406, 14500, 15852, 409, 18047, 17841, 412, 413, 14764, 415, 416, 417, 15185, 16110, 420, 421, 16088, 423, 15364, 425, 15384, 427, 428, 429, 430, 431, 4727, 432, 15279, 16049, 435, 436, 437, 14647, 439, 440, 12754, 442, 443, 445, 446, 18122, 448, 1119, 1120, 1121, 3953, 3954, 8613]"
911318020-2019-09-06,"[386, 388, 389, 390, 391, 14956, 393, 394, 395, 396, 397, 17169, 17162, 14959, 402, 403, 17163, 15848, 406, 14500, 15852, 409, 18047, 17841, 412, 413, 14764, 415, 416, 417, 15185, 16110, 420, 421, 16088, 423, 15364, 425, 15384, 427, 428, 429, 430, 431, 4727, 432, 15279, 16049, 435, 436, 437, 14647, 439, 440, 12754, 442, 443, 445, 446, 18122, 448, 1119, 1120, 1121, 3953, 3954, 8613]"
911953020-2019-09-03,"[386, 388, 389, 390, 391, 14956, 393, 394, 395, 396, 397, 17169, 17162, 14959, 402, 403, 17163, 15848, 406, 14500, 15852, 409, 18047, 17841, 412, 413, 14764, 415, 416, 417, 15185, 16110, 420, 421, 16088, 423, 15364, 425, 15384, 427, 428, 429, 430, 431, 4727, 432, 15279, 16049, 435, 436, 437, 14647, 439, 440, 12754, 442, 443, 445, 446, 18122, 448, 1119, 1120, 1121, 3953, 3954, 8613]"
911953020-2019-09-04,"[386, 388, 389, 390, 391, 14956, 393, 394, 395, 396, 397, 17169, 17162, 14959, 402, 403, 17163, 15848, 406, 14500, 15852, 409, 18047, 17841, 412, 413, 14764, 415, 416, 417, 15185, 16110, 420, 421, 16088, 423, 15364, 425, 15384, 427, 428, 429, 430, 431, 4727, 432, 15279, 16049, 435, 436, 437, 14647, 439, 440, 12754, 442, 443, 445, 446, 18122, 448, 1119, 1120, 1121, 3953, 3954, 8613]"
911953020-2019-09-05,"[386, 388, 389, 390, 391, 14956, 393, 394, 395, 396, 397, 17169, 17162, 14959, 402, 403, 17163, 15848, 406, 14500, 15852, 409, 18047, 17841, 412, 413, 14764, 415, 416, 417, 15185, 16110, 420, 421, 16088, 423, 15364, 425, 15384, 427, 428, 429, 430, 431, 4727, 432, 15279, 16049, 435, 436, 437, 14647, 439, 440, 12754, 442, 443, 445, 446, 18122, 448, 1119, 1120, 1121, 3953, 3954, 8613]"
911414030-2019-09-03,"[386, 388, 389, 390, 391, 14956, 393, 394, 395, 396, 397, 17169, 17162, 14959, 402, 403, 17163, 15848, 406, 14500, 15852, 409, 18047, 17841, 412, 413, 14764, 415, 416, 417, 15185, 16110, 420, 421, 16088, 423, 15364, 425, 15384, 427, 428, 429, 430, 431, 4727, 432, 15279, 16049, 435, 436, 437, 14647, 439, 440, 12754, 442, 443, 445, 446, 18122, 448, 1119, 1120, 1121, 3953, 3954, 8613]"
911414030-2019-09-04,"[386, 388, 389, 390, 391, 14956, 393, 394, 395, 396, 397, 17169, 17162, 14959, 402, 403, 17163, 15848, 406, 14500, 15852, 409, 18047, 17841, 412, 413, 14764, 415, 416, 417, 15185, 16110, 420, 421, 16088, 423, 15364, 425, 15384, 427, 428, 429, 430, 431, 4727, 432, 15279, 16049, 435, 436, 437, 14647, 439, 440, 12754, 442, 443, 445, 446, 18122, 448, 1119, 1120, 1121, 3953, 3954, 8613]"
911414030-2019-09-06,"[386, 388, 389, 390, 391, 14956, 393, 394, 395, 396, 397, 17169, 17162, 14959, 402, 403, 17163, 15848, 406, 14500, 15852, 409, 18047, 17841, 412, 413, 14764, 415, 416, 417, 15185, 16110, 420, 421, 16088, 423, 15364, 425, 15384, 427, 428, 429, 430, 431, 4727, 432, 15279, 16049, 435, 436, 437, 14647, 439, 440, 12754, 442, 443, 445, 446, 18122, 448, 1119, 1120, 1121, 3953, 3954, 8613]"
910506020-2019-09-03,"[386, 388, 389, 390, 391, 14956, 393, 394, 395, 396, 397, 17169, 17162, 14959, 402, 403, 17163, 15848, 406, 14500, 15852, 409, 18047, 17841, 412, 413, 14764, 415, 416, 417, 15185, 16110, 420, 421, 16088, 423, 15364, 425, 15384, 427, 428, 429, 430, 431, 4727, 432, 15279, 16049, 435, 436, 437, 14647, 439, 440, 12754, 442, 443, 445, 446, 18122, 448, 1119, 1120, 1121, 3953, 3954, 8613]"
910506020-2019-09-04,"[386, 388, 389, 390, 391, 14956, 393, 394, 395, 396, 397, 17169, 17162, 14959, 402, 403, 17163, 15848, 406, 14500, 15852, 409, 18047, 17841, 412, 413, 14764, 415, 416, 417, 15185, 16110, 420, 421, 16088, 423, 15364, 425, 15384, 427, 428, 429, 430, 431, 4727, 432, 15279, 16049, 435, 436, 437, 14647, 439, 440, 12754, 442, 443, 445, 446, 18122, 448, 1119, 1120, 1121, 3953, 3954, 8613]"
910506020-2019-09-06,"[386, 388, 389, 390, 391, 14956, 393, 394, 395, 396, 397, 17169, 17162, 14959, 402, 403, 17163, 15848, 406, 14500, 15852, 409, 18047, 17841, 412, 413, 14764, 415, 416, 417, 15185, 16110, 420, 421, 16088, 423, 15364, 425, 15384, 427, 428, 429, 430, 431, 4727, 432, 15279, 16049, 435, 436, 437, 14647, 439, 440, 12754, 442, 443, 445, 446, 18122, 448, 1119, 1120, 1121, 3953, 3954, 8613]"
911267020-2019-09-03,[]
911267020-2019-09-04,"[386, 388, 389, 390, 391, 14956, 393, 394, 395, 396, 397, 17169, 17162, 14959, 402, 403, 17163, 15848, 406, 14500, 15852, 409, 18047, 17841, 412, 413, 14764, 415, 416, 417, 15185, 16110, 420, 421, 16088, 423, 15364, 425, 15384, 427, 428, 429, 430, 431, 4727, 432, 15279, 16049, 435, 436, 437, 14647, 439, 440, 12754, 442, 443, 445, 446, 18122, 448, 449]"
911267020-2019-09-05,[]
911267020-2019-09-06,[]
911880020-2019-09-03,"[386, 388, 389, 390, 391, 14956, 393, 394, 395, 396, 397, 17169, 17162, 14959, 402, 403, 17163, 15848, 406, 14500, 15852, 409, 18047, 17841, 412, 413, 14764, 415, 416, 417, 15185, 16110, 420, 421, 16088, 423, 15364, 425, 15384, 427, 428, 429, 430, 431, 4727, 432, 15279, 16049, 435, 436, 437, 14647, 439, 440, 12754, 442, 443, 445, 446, 18122, 448, 449]"
911880020-2019-09-04,"[386, 388, 389, 390, 391, 14956, 393, 394, 395, 396, 397, 17169, 17162, 14959, 402, 403, 17163, 15848, 406, 14500, 15852, 409, 18047, 17841, 412, 413, 14764, 415, 416, 417, 15185, 16110, 420, 421, 16088, 423, 15364, 425, 15384, 427, 428, 429, 430, 431, 4727, 432, 15279, 16049, 435, 436, 437, 14647, 439, 440, 12754, 442, 443, 445, 446, 18122, 448, 449]"
911880020-2019-09-06,"[386, 388, 389, 390, 391, 14956, 393, 394, 395, 396, 397, 17169, 17162, 14959, 402, 403, 17163, 15848, 406, 14500, 15852, 409, 18047, 17841, 412, 413, 14764, 415, 416, 417, 15185, 16110, 420, 421, 16088, 423, 15364, 425, 15384, 427, 428, 429, 430, 431, 4727, 432, 15279, 16049, 435, 436, 437, 14647, 439, 440, 12754, 442, 443, 445, 446, 18122, 448, 449]"
911370020-2019-09-04,"[386, 388, 389, 390, 391, 14956, 393, 394, 395, 396, 397, 17169, 17162, 14959, 402, 403, 17163, 15848, 406, 14500, 15852, 409, 18047, 17841, 412, 413, 14764, 415, 416, 417, 15185, 16110, 420, 421, 16088, 423, 15364, 425, 15384, 427, 428, 429, 430, 431, 4727, 432, 15279, 16049, 435, 436, 437, 14647, 439, 440, 12754, 442, 443, 445, 446, 18122, 448, 449]"
911370020-2019-09-06,"[386, 388, 389, 390, 391, 14956, 393, 394, 395, 396, 397, 17169, 17162, 14959, 402, 403, 17163, 15848, 406, 14500, 15852, 409, 18047, 17841, 412, 413, 14764, 415, 416, 417, 15185, 16110, 420, 421, 16088, 423, 15364, 425, 15384, 427, 428, 429, 430, 431, 4727, 432, 15279, 16049, 435, 436, 437, 14647, 439, 440, 12754, 442, 443, 445, 446, 18122, 448, 449]"
911905030-2019-09-03,"[386, 388, 389, 390, 391, 14956, 393, 394, 395, 396, 397, 17169, 17162, 14959, 402, 403, 17163, 15848, 406, 14500, 15852, 409, 18047, 17841, 412, 413, 14764, 415, 416, 417, 15185, 16110, 420, 421, 16088, 423, 15364, 425, 15384, 427, 428, 429, 430, 431, 4727, 432, 15279, 16049, 435, 436, 437, 14647, 439, 440, 12754, 442, 443, 445, 446, 18122, 448, 449]"
911905030-2019-09-04,"[386, 388, 389, 390, 391, 14956, 393, 394, 395, 396, 397, 17169, 17162, 14959, 402, 403, 17163, 15848, 406, 14500, 15852, 409, 18047, 17841, 412, 413, 14764, 415, 416, 417, 15185, 16110, 420, 421, 16088, 423, 15364, 425, 15384, 427, 428, 429, 430, 431, 4727, 432, 15279, 16049, 435, 436, 437, 14647, 439, 440, 12754, 442, 443, 445, 446, 18122, 448, 449]"
911905030-2019-09-06,"[386, 388, 389, 390, 391, 14956, 393, 394, 395, 396, 397, 17169, 17162, 14959, 402, 403, 17163, 15848, 406, 14500, 15852, 409, 18047, 17841, 412, 413, 14764, 415, 416, 417, 15185, 16110, 420, 421, 16088, 423, 15364, 425, 15384, 427, 428, 429, 430, 431, 4727, 432, 15279, 16049, 435, 436, 437, 14647, 439, 440, 12754, 442, 443, 445, 446, 18122, 448, 449]"
911217020-2019-09-03,"[386, 388, 389, 390, 391, 14956, 393, 394, 395, 396, 397, 17169, 17162, 14959, 402, 403, 17163, 15848, 406, 14500, 15852, 409, 18047, 17841, 412, 413, 14764, 415, 416, 417, 15185, 16110, 420, 421, 16088, 423, 15364, 425, 15384, 427, 428, 429, 430, 431, 4727, 432, 15279, 16049, 435, 436, 437, 14647, 439, 440, 12754, 442, 443, 445, 446, 18122, 448, 449]"
911217020-2019-09-04,"[386, 388, 389, 390, 391, 14956, 393, 394, 395, 396, 397, 17169, 17162, 14959, 402, 403, 17163, 15848, 406, 14500, 15852, 409, 18047, 17841, 412, 413, 14764, 415, 416, 417, 15185, 16110, 420, 421, 16088, 423, 15364, 425, 15384, 427, 428, 429, 430, 431, 4727, 432, 15279, 16049, 435, 436, 437, 14647, 439, 440, 12754, 442, 443, 445, 446, 18122, 448, 449]"
911217020-2019-09-05,"[386, 388, 389, 390, 391, 14956, 393, 394, 395, 396, 397, 17169, 17162, 14959, 402, 403, 17163, 15848, 406, 14500, 15852, 409, 18047, 17841, 412, 413, 14764, 415, 416, 417, 15185, 16110, 420, 421, 16088, 423, 15364, 425, 15384, 427, 428]"
911217020-2019-09-06,"[386, 388, 389, 390, 391, 14956, 393, 394, 395, 396, 397, 17169, 17162, 14959, 402, 403, 17163, 15848, 406, 14500, 15852, 409, 18047, 17841, 412, 413, 14764, 415, 416, 417, 15185, 16110, 420, 421, 16088, 423, 15364, 425, 15384, 427, 428, 429, 430, 431, 4727, 432, 15279, 16049, 435, 436, 437, 14647, 439, 440, 12754, 442, 443, 445, 446, 18122, 448, 449]"
911290020-2019-09-03,"[386, 388, 389, 390, 391, 14956, 393, 394, 395, 396, 397, 17169, 17162, 14959, 402, 403, 17163, 15848, 406, 14500, 15852, 409, 18047, 17841, 412, 413, 14764, 415, 416, 417, 15185, 16110, 420, 421, 16088, 423, 15364, 425, 15384, 427, 428, 429, 430, 431, 4727, 432, 15279, 16049, 435, 436, 437, 14647, 439, 440, 12754, 442, 443, 445, 446, 18122, 448, 449]"
911290020-2019-09-04,"[386, 388, 389, 390, 391, 14956, 393, 394, 395, 396, 397, 17169, 17162, 14959, 402, 403, 17163, 15848, 406, 14500, 15852, 409, 18047, 17841, 412, 413, 14764, 415, 416, 417, 15185, 16110, 420, 421, 16088, 423, 15364, 425, 15384, 427, 428, 429, 430, 431, 4727, 432, 15279, 16049, 435, 436, 437, 14647, 439, 440, 12754, 442, 443, 445, 446, 18122, 448, 449]"
911290020-2019-09-06,"[386, 388, 389, 390, 391, 14956, 393, 394, 395, 396, 397, 17169, 17162, 14959, 402, 403, 17163, 15848, 406, 14500, 15852, 409, 18047, 17841, 412, 413, 14764, 415, 416, 417, 15185, 16110, 420, 421, 16088, 423, 15364, 425, 15384, 427, 428, 429, 430, 431, 4727, 432, 15279, 16049, 435, 436, 437, 14647, 439, 440, 12754, 442, 443, 445, 446, 18122, 448, 449]"
911303020-2019-09-03,"[386, 388, 389, 390, 391, 14956, 393, 394, 395, 396, 397, 17169, 17162, 14959, 402, 403, 17163, 15848, 406, 14500, 15852, 409, 18047, 17841, 412, 413, 14764, 415, 416, 417, 15185, 16110, 420, 421, 16088, 423, 15364, 425, 15384]"
911303020-2019-09-04,"[386, 388, 389, 390, 391, 14956, 393, 394, 395, 396, 397, 17169, 17162, 14959, 402, 403, 17163, 15848, 406, 14500, 15852, 409, 18047, 17841, 412, 413, 14764, 415, 416, 417, 15185, 16110, 420, 421, 16088, 423, 15364, 425, 15384, 427, 428, 429, 430, 431, 4727, 432, 15279, 16049, 435, 436, 437, 14647, 439, 440, 12754, 442, 443, 445, 446, 18122, 448, 449]"
911303020-2019-09-06,"[386, 388, 389, 390, 391, 14956, 393, 394, 395, 396, 397, 17169, 17162, 14959, 402, 403, 17163, 15848, 406, 14500, 15852, 409, 18047, 17841, 412, 413, 14764, 415, 416, 417, 15185, 16110, 420, 421, 16088, 423, 15364, 425, 15384, 427, 428, 429, 430, 431, 4727, 432, 15279, 16049, 435, 436, 437, 14647, 439, 440, 12754, 442, 443, 445, 446, 18122, 448, 449]"
911455020-2019-09-03,"[386, 388, 389, 390, 391, 14956, 393, 394, 395, 396, 397, 17169, 17162, 14959, 402, 403, 17163, 15848, 406, 14500, 15852, 409, 18047, 17841, 412, 413, 14764, 415, 416, 417, 15185, 16110, 420, 421, 16088, 423, 15364, 425, 15384, 427, 428, 429, 430, 431, 4727, 432, 15279, 16049, 435, 436, 437, 14647, 439, 440, 12754, 442, 443, 445, 446, 18122, 448, 449]"
911455020-2019-09-04,"[386, 388, 389, 390, 391, 14956, 393, 394, 395, 396, 397, 17169, 17162, 14959, 402, 403, 17163, 15848, 406, 14500, 15852, 409, 18047, 17841, 412, 413, 14764, 415, 416, 417, 15185, 16110, 420, 421, 16088, 423, 15364, 425, 15384, 427, 428, 429, 430, 431, 4727, 432, 15279, 16049, 435, 436, 437, 14647, 439, 440, 12754, 442, 443, 445, 446, 18122, 448, 449]"
911455020-2019-09-06,"[386, 388, 389, 390, 391, 14956, 393, 394, 395, 396, 397, 17169, 17162, 14959, 402, 403, 17163, 15848, 406, 14500, 15852, 409, 18047, 17841, 412, 413, 14764, 415, 416, 417, 15185, 16110, 420, 421, 16088, 423, 15364, 425, 15384, 427, 428, 429, 430, 431, 4727, 432, 15279, 16049, 435, 436, 437, 14647, 439, 440, 12754, 442, 443, 445, 446, 18122, 448, 449]"
911244020-2019-09-03,"[386, 388, 389, 390, 391, 14956, 393, 394, 395, 396, 397, 17169, 17162, 14959, 402, 403, 17163, 15848, 406, 14500, 15852, 409, 18047, 17841, 412, 413, 14764, 415, 416, 417, 15185, 16110, 420, 421, 16088, 423, 15364, 425, 15384, 427, 428, 429, 430, 431, 4727, 432, 15279, 16049, 435, 436, 437, 14647, 439, 440, 12754, 442, 443, 445, 446, 18122, 448, 449]"
911244020-2019-09-04,"[386, 388, 389, 390, 391, 14956, 393, 394, 395, 396, 397, 17169, 17162, 14959, 402, 403, 17163, 15848, 406, 14500, 15852, 409, 18047, 17841, 412, 413, 14764, 415, 416, 417, 15185, 16110, 420, 421, 16088, 423, 15364, 425, 15384, 427, 428, 429, 430, 431, 4727, 432, 15279, 16049, 435, 436, 437, 14647, 439, 440, 12754, 442, 443, 445, 446, 18122, 448, 449]"
911244020-2019-09-06,"[386, 388, 389, 390, 391, 14956, 393, 394, 395, 396, 397, 17169, 17162, 14959, 402, 403, 17163, 15848, 406, 14500, 15852, 409, 18047, 17841, 412, 413, 14764, 415, 416, 417, 15185, 16110, 420, 421, 16088, 423, 15364, 425, 15384, 427, 428, 429, 430, 431, 4727, 432, 15279, 16049, 435, 436, 437, 14647, 439, 440, 12754, 442, 443, 445, 446, 18122, 448, 449]"
