boarding_stop,alighting_stop,arrival_time,times_denied,route_id,boarding_time,trip_id,alighting_time
14102,3745,18272.246473524905,0,81,18510.0,6279020,19473.01071857471
3743,3745,18386.172203646034,0,81,19369.16743139032,6279020,19473.01071857471
3744,3746,19416.043227187198,0,81,19432.57410927112,6279020,19528.67940109775
3745,3746,19459.92289997079,0,81,19473.01071857471,6279020,19528.67940109775
14102,3725,18877.638623881834,0,81,19773.638754567233,19619020,19808.01525192402
14102,3731,18611.24809040109,0,81,19773.638754567233,19619020,20400.66360518345
14102,3731,19054.963684639213,0,81,19773.638754567233,19619020,20400.66360518345
14102,3746,19596.966985104602,0,81,19773.638754567233,19619020,20994.80822614238
3728,3746,19922.300703421493,0,81,20332.180048689344,19619020,20994.80822614238
18106,3746,20246.750673522485,0,81,20685.177096189003,19619020,20994.80822614238
18106,3746,20509.780438935464,0,81,20685.177096189003,19619020,20994.80822614238
3742,3746,20634.300117530074,0,81,20762.607645440974,19619020,20994.80822614238
3742,3746,20689.88605263306,0,81,20762.607645440974,19619020,20994.80822614238
3743,3746,20194.339235849216,0,81,20805.908953674392,19619020,20994.80822614238
3743,3746,20669.357005430356,0,81,20805.908953674392,19619020,20994.80822614238
3744,3746,20236.117190908033,0,81,20872.271261316073,19619020,20994.80822614238
14102,3746,20107.499206920646,0,81,20333.50762596201,43439020,21152.384829833
3744,3746,20918.78227595351,0,81,21031.939909796183,43439020,21152.384829833
18580,3773,19832.096273391548,0,81,20527.070447037193,6279020,21207.599817722014
3773,3775,21052.537672122984,0,81,21480.0,41321020,21532.34192117452
18106,3746,20998.621197949444,0,81,21367.750008368734,44567020,21546.850407650043
3741,3746,21203.780690071202,0,81,21404.001318403105,44567020,21546.850407650043
3741,3746,21398.389645586165,0,81,21404.001318403105,44567020,21546.850407650043
18106,3756,21039.50561317065,0,81,21367.750008368734,44567020,21830.42909529783
3726,18580,19912.2211850956,0,81,20294.832782811536,19619020,21883.978538420317
3746,18580,20724.318294102624,0,81,20994.80822614238,19619020,21883.978538420317
3764,18580,20608.36905938559,0,81,21590.665672244475,19619020,21883.978538420317
14102,3762,20308.625812035847,0,81,20333.50762596201,43439020,21900.253537929373
4941,4945,21721.968411312348,0,81,21881.417840745366,41321020,22007.92006256083
18580,5418,21120.351638669566,0,81,21883.978538420317,19619020,22013.921683872522
4941,17247,21665.5788561964,0,81,21881.417840745366,41321020,22155.8602766169
17249,4908,21706.649879190416,0,81,21732.60145639297,43439020,22182.75572347834
18106,4912,21168.42089679813,0,81,21367.750008368734,44567020,22255.848524810666
14102,3746,21330.014268921223,0,81,21345.18767078179,10141020,22263.543528039037
3741,3746,21627.81553331748,0,81,22008.15035591747,10141020,22263.543528039037
3741,3746,21963.601381059365,0,81,22008.15035591747,10141020,22263.543528039037
3742,3746,21548.05814626665,0,81,22049.5310258597,10141020,22263.543528039037
4941,17604,21610.411693134723,0,81,21881.417840745366,41321020,22282.814567934285
14102,18580,20070.595844997148,0,81,20333.50762596201,43439020,22307.309142446233
3732,18580,21059.439421850428,0,81,21134.437375467634,44567020,22308.106420438657
18607,18580,20963.129015540348,0,81,21305.48029691559,44567020,22308.106420438657
3741,18580,21149.459282743464,0,81,21404.001318403105,44567020,22308.106420438657
17251,18580,21652.61660624994,0,81,21774.39586579812,44567020,22308.106420438657
3746,3773,20393.18872810462,0,81,20994.80822614238,19619020,22346.96281168079
18580,3773,21478.18349603474,0,81,21883.978538420317,19619020,22346.96281168079
14102,3731,21395.374795706084,0,81,22016.840484081185,25072020,22460.441646715994
4941,3803,21697.542094394328,0,81,21881.417840745366,41321020,22689.932532019327
3773,3774,21688.292392775063,0,81,22680.0,25444020,22705.231515485295
3801,3804,22523.192990300122,0,81,22536.509232714623,41321020,22726.946419874126
3803,3804,21898.981299083396,0,81,22689.932532019327,41321020,22726.946419874126
3726,3773,20342.748036250065,0,81,20410.12925354769,43439020,22768.949023327437
3804,18107,22304.022302992253,0,81,22726.946419874126,41321020,22860.18424327033
3741,3745,22484.46814785,0,81,22731.73638253918,25072020,22866.721730413123
3741,3745,22715.891238437976,0,81,22731.73638253918,25072020,22866.721730413123
3808,3809,22765.207129748393,0,81,22944.69804586394,41321020,22988.594516801615
3745,17606,21605.954463732964,0,81,22188.46627577743,10141020,23042.55275908033
3756,17606,22040.727941460475,0,81,22775.14038335386,10141020,23042.55275908033
3804,3810,21955.096133792857,0,81,22726.946419874126,41321020,23065.6559043122
3807,3810,22524.084725863133,0,81,22895.036989143224,41321020,23065.6559043122
3809,3810,21619.55331410066,0,81,22988.594516801615,41321020,23065.6559043122
3809,3810,21901.55918889523,0,81,22988.594516801615,41321020,23065.6559043122
3809,3810,22066.306900088726,0,81,22988.594516801615,41321020,23065.6559043122
3811,3812,21631.871748023194,0,81,23149.75521651062,41321020,23188.81609461253
14102,3746,21610.12920133302,0,81,22016.840484081185,25072020,23195.338572548593
14102,3746,21909.42222795464,0,81,22016.840484081185,25072020,23195.338572548593
18607,3746,22215.27955159681,0,81,22645.51827281268,25072020,23195.338572548593
3743,3746,22790.579169253717,0,81,22808.420459863846,25072020,23195.338572548593
3728,3748,21703.727294994707,0,81,22371.430395203177,25072020,23300.23235012586
14102,4908,21063.152578940717,0,81,21345.18767078179,10141020,23353.37456215012
14102,18106,22304.010915118346,0,81,22809.36176830775,20296020,23421.572457613012
3733,18106,23073.31820885117,0,81,23106.80848779481,20296020,23421.572457613012
3776,4941,22466.645275678035,0,81,23255.106664519975,25444020,23505.77632973896
3776,4941,22648.052606819518,0,81,23255.106664519975,25444020,23505.77632973896
3776,4941,22811.423368260344,0,81,23255.106664519975,25444020,23505.77632973896
3776,4941,23130.020722962636,0,81,23255.106664519975,25444020,23505.77632973896
3776,4941,23240.771957580917,0,81,23255.106664519975,25444020,23505.77632973896
18393,4941,22661.899808272894,0,81,23452.928099131,25444020,23505.77632973896
3741,3755,22666.47528949234,0,81,22731.73638253918,25072020,23540.19361104749
3777,4941,21916.843891728542,0,81,23302.0,24619020,23571.37115839467
3777,4941,22173.20707685971,0,81,23302.0,24619020,23571.37115839467
14582,4941,22165.122194394105,0,81,23345.303663711267,24619020,23571.37115839467
14582,4941,22279.45203048755,0,81,23345.303663711267,24619020,23571.37115839467
14582,4941,22295.091362858882,0,81,23345.303663711267,24619020,23571.37115839467
14582,4941,22309.080707715515,0,81,23345.303663711267,24619020,23571.37115839467
14582,4941,22813.54358354436,0,81,23345.303663711267,24619020,23571.37115839467
14582,4941,23055.025674712917,0,81,23345.303663711267,24619020,23571.37115839467
15461,4941,22894.299202737395,0,81,23397.53202276096,24619020,23571.37115839467
15461,4941,23368.939322947033,0,81,23397.53202276096,24619020,23571.37115839467
17251,18580,22320.116714948406,0,81,22600.46525560693,10141020,23582.90709123003
17475,3756,22052.27047215194,0,81,22588.198591653385,25072020,23594.177507791912
3745,3756,22474.95384860432,0,81,22866.721730413123,25072020,23594.177507791912
3741,3745,23229.974982199823,0,81,23458.107054153486,20296020,23617.673038282286
3773,14102,20542.19655942105,0,81,21480.0,41321020,23657.494967329545
3773,14102,21447.658566128837,0,81,21480.0,41321020,23657.494967329545
3776,14102,21298.820812753598,0,81,21600.851695287598,41321020,23657.494967329545
17038,14102,23600.84265605945,0,81,23640.85763428214,41321020,23657.494967329545
18607,3746,22820.045304298535,0,81,23307.23034908025,20296020,23726.944149689632
18607,3746,23037.62005802093,0,81,23307.23034908025,20296020,23726.944149689632
18106,3746,22735.66525732506,0,81,23421.572457613012,20296020,23726.944149689632
18106,3746,23178.562924426038,0,81,23421.572457613012,20296020,23726.944149689632
3741,3746,22861.381418023502,0,81,23458.107054153486,20296020,23726.944149689632
14102,3748,22607.01774927013,0,81,22809.36176830775,20296020,23805.98500687103
4941,17247,22844.93102889244,0,81,23505.77632973896,25444020,23827.452169769338
4941,17247,23060.08611846014,0,81,23505.77632973896,25444020,23827.452169769338
4941,3787,22286.890116146533,0,81,23505.77632973896,25444020,23889.54178015841
4941,3788,21942.40133119752,0,81,23505.77632973896,25444020,23913.720912794954
4941,3788,23349.41834516334,0,81,23505.77632973896,25444020,23913.720912794954
4947,17603,22604.05112162528,0,81,23702.463216497807,25444020,23976.193687006464
4947,17603,23087.432343328037,0,81,23702.463216497807,25444020,23976.193687006464
4947,17603,23107.484159077256,0,81,23702.463216497807,25444020,23976.193687006464
15461,17603,21923.09409516333,0,81,23397.53202276096,24619020,23998.64633266965
15461,17603,22780.257582813054,0,81,23397.53202276096,24619020,23998.64633266965
14582,4941,23615.34937620616,0,81,23952.94706036496,44814020,24106.709396354257
17247,17246,23636.2400543203,0,81,23827.452169769338,25444020,24107.235934949513
14102,3745,23214.581122129053,0,81,23408.571445157395,3320020,24188.753668924957
3743,3745,23680.31466941433,0,81,24109.451576540956,3320020,24188.753668924957
3794,18352,23217.14442997801,0,81,24135.011701835552,25444020,24234.82605451624
14102,3746,22919.13629560584,0,81,23408.571445157395,3320020,24267.367374678
14102,3746,23090.096403864914,0,81,23408.571445157395,3320020,24267.367374678
3726,3746,23315.83087211315,0,81,23509.222529591825,3320020,24267.367374678
18106,3746,23566.947646688648,0,81,24013.320199616617,3320020,24267.367374678
3741,3746,23571.51682900113,0,81,24045.547626315936,3320020,24267.367374678
3741,3746,23571.77369489473,0,81,24045.547626315936,3320020,24267.367374678
3741,3746,23682.319254603586,0,81,24045.547626315936,3320020,24267.367374678
3741,3746,23770.574012779092,0,81,24045.547626315936,3320020,24267.367374678
3741,3746,24027.533523038903,0,81,24045.547626315936,3320020,24267.367374678
3742,3746,23629.81714904378,0,81,24077.928698290518,3320020,24267.367374678
3743,3746,23576.50867261639,0,81,24109.451576540956,3320020,24267.367374678
3743,3746,23581.033741001982,0,81,24109.451576540956,3320020,24267.367374678
3743,3746,23786.66785311787,0,81,24109.451576540956,3320020,24267.367374678
3743,3746,23839.693491359798,0,81,24109.451576540956,3320020,24267.367374678
3744,3746,23922.51513642262,0,81,24150.48479087809,3320020,24267.367374678
3776,17247,23805.300974544705,0,81,23865.0,44814020,24321.397731686404
17604,3801,22710.557841333677,0,81,24023.107514828836,25444020,24348.721473136815
3742,3748,23608.496220231038,0,81,24077.928698290518,3320020,24361.912826881737
14102,17606,22300.38586840086,0,81,22809.36176830775,20296020,24376.946130428267
4941,3802,22310.12084725567,0,81,23505.77632973896,25444020,24394.427867051065
17247,3802,23156.42003499912,0,81,23827.452169769338,25444020,24394.427867051065
17603,3802,22841.359673530318,0,81,23976.193687006464,25444020,24394.427867051065
4941,3803,23000.34378201807,0,81,23505.77632973896,25444020,24430.5583867202
17246,3804,22660.102944796072,0,81,24107.235934949513,25444020,24476.001756926922
15948,3804,23317.080848022757,0,81,24301.41060483445,25444020,24476.001756926922
3804,3805,23351.871616101802,0,81,24476.001756926922,25444020,24527.71340693289
3748,3753,24259.91000076586,0,81,24361.912826881737,3320020,24570.8579841038
3728,18580,22065.612993992654,0,81,22371.430395203177,25072020,24572.563253364024
3730,18580,22324.15993235176,0,81,22419.14834300807,25072020,24572.563253364024
17251,18580,23162.09036731181,0,81,23453.648558899535,25072020,24572.563253364024
14102,18106,23788.710812602814,0,81,23862.111264795913,7518020,24574.02637068718
17475,18106,24098.96865745439,0,81,24248.1178979842,7518020,24574.02637068718
3744,17251,23657.800001014544,0,81,24150.48479087809,3320020,24720.722674304205
3802,3809,24095.954019620258,0,81,24394.427867051065,25444020,24729.661840813857
3808,3809,23310.0581681096,0,81,24677.736868469994,25444020,24729.661840813857
14582,4941,24002.329087691,0,81,24532.386046352643,8564020,24755.28439928538
14582,4941,24030.18717123843,0,81,24532.386046352643,8564020,24755.28439928538
14582,4941,24176.28654366431,0,81,24532.386046352643,8564020,24755.28439928538
14102,4908,22117.9052099437,0,81,22809.36176830775,20296020,24759.844818969774
14102,3756,22939.71994199474,0,81,23408.571445157395,3320020,24827.901260370254
3746,3756,23744.794772089062,0,81,24267.367374678,3320020,24827.901260370254
14102,3745,23589.921499689288,0,81,23862.111264795913,7518020,24831.18221269089
3803,3810,24133.679329946084,0,81,24430.5583867202,25444020,24854.74258417951
3804,3810,23545.006706903394,0,81,24476.001756926922,25444020,24854.74258417951
3804,3810,23563.511532723933,0,81,24476.001756926922,25444020,24854.74258417951
18107,3810,23726.540858888326,0,81,24595.31990941682,25444020,24854.74258417951
18107,3810,24575.70242731987,0,81,24595.31990941682,25444020,24854.74258417951
3809,3810,23348.08361689929,0,81,24729.661840813857,25444020,24854.74258417951
3745,4912,23455.768338286623,0,81,23617.673038282286,20296020,24856.901283242423
3746,3757,24120.176486149936,0,81,24267.367374678,3320020,24858.710684091136
14102,3746,23456.939993704866,0,81,23862.111264795913,7518020,24884.700025126956
3733,3746,23726.572064808675,0,81,24157.773198452473,7518020,24884.700025126956
18106,3746,24318.317977417653,0,81,24574.02637068718,7518020,24884.700025126956
3741,3746,24116.874822219288,0,81,24616.771907734015,7518020,24884.700025126956
3741,3746,24224.55155579613,0,81,24616.771907734015,7518020,24884.700025126956
3741,3746,24428.567703405457,0,81,24616.771907734015,7518020,24884.700025126956
3742,3746,24336.95842764953,0,81,24694.23017482785,7518020,24884.700025126956
3742,3746,24582.038460279087,0,81,24694.23017482785,7518020,24884.700025126956
3744,3746,24198.36909835053,0,81,24791.464529104236,7518020,24884.700025126956
17475,18580,22817.27513423152,0,81,23196.957384140387,20296020,24917.278931947607
3746,18580,23454.24054209486,0,81,23726.944149689632,20296020,24917.278931947607
3762,18580,24053.64610907232,0,81,24467.621903792016,20296020,24917.278931947607
3742,3747,24447.550692384993,0,81,24694.23017482785,7518020,24956.61999102766
18106,3748,24193.185184691465,0,81,24574.02637068718,7518020,25005.285656618275
3753,3773,23307.009111494615,0,81,23422.103294216973,25072020,25061.488834993997
3765,3773,23749.55009381878,0,81,23880.018147171115,25072020,25061.488834993997
17603,3805,24351.893645970886,0,81,24482.83532457191,44814020,25078.52994489302
14102,17606,23408.203739835364,0,81,23408.571445157395,3320020,25099.649026190935
15461,18107,23839.001714609763,0,81,23984.379647820697,44814020,25131.728130451218
3748,3762,23992.746794069157,0,81,24361.912826881737,3320020,25147.421424749075
3812,3818,23218.546456655662,0,81,24937.828606650535,25444020,25161.377998290372
17247,17603,24455.536741747084,0,81,25019.739222136297,8564020,25166.469183876958
3743,3753,24661.880048917195,0,81,24745.112727146152,7518020,25186.417158328473
3743,3753,24730.34887781261,0,81,24745.112727146152,7518020,25186.417158328473
3803,3809,24695.24442305883,0,81,24955.95048790039,44814020,25300.381303233036
3743,3756,24467.919243089716,0,81,24745.112727146152,7518020,25344.4888701679
15461,3810,23898.39859069817,0,81,23984.379647820697,44814020,25408.31630415856
3801,3810,24843.57949015949,0,81,24860.51288148565,44814020,25408.31630415856
3808,3810,24932.401140000275,0,81,25250.99666299303,44814020,25408.31630415856
4947,17038,23498.070219581386,0,81,23702.463216497807,25444020,25424.482416107057
4947,17038,23527.500585918133,0,81,23702.463216497807,25444020,25424.482416107057
17247,17038,23444.013230823126,0,81,23827.452169769338,25444020,25424.482416107057
17247,17038,23491.03826501511,0,81,23827.452169769338,25444020,25424.482416107057
17245,17038,23521.55105548178,0,81,24203.537998496093,25444020,25424.482416107057
3804,17038,24046.511949216565,0,81,24476.001756926922,25444020,25424.482416107057
18107,17038,24449.808497055965,0,81,24595.31990941682,25444020,25424.482416107057
3808,17038,24686.974134819957,0,81,24688.661840813857,25444020,25424.482416107057
3809,17038,23633.97956569841,0,81,24729.661840813857,25444020,25424.482416107057
3809,17038,24376.46067709823,0,81,24729.661840813857,25444020,25424.482416107057
3810,17038,23910.758724388237,0,81,24854.74258417951,25444020,25424.482416107057
3810,17038,24362.59983510049,0,81,24854.74258417951,25444020,25424.482416107057
3810,17038,24658.875863060177,0,81,24854.74258417951,25444020,25424.482416107057
3813,17038,23892.470485561473,0,81,24969.012498168955,25444020,25424.482416107057
3813,17038,24172.491828977956,0,81,24969.012498168955,25444020,25424.482416107057
3813,17038,24451.32003071405,0,81,24969.012498168955,25444020,25424.482416107057
3813,17038,24755.328519470175,0,81,24969.012498168955,25444020,25424.482416107057
3820,17038,24904.946084770076,0,81,25285.897526910456,24619020,25452.07094035977
3808,14102,23828.756421522656,0,81,24677.736868469994,25444020,25474.751921870786
3808,14102,24613.580902607606,0,81,24677.736868469994,25444020,25474.751921870786
3813,14102,23416.753758645787,0,81,24969.012498168955,25444020,25474.751921870786
3815,14102,24382.030247095343,0,81,25066.260189743352,25444020,25474.751921870786
3819,14102,23612.3691948624,0,81,25255.974575746626,25444020,25474.751921870786
3819,14102,24697.39187464158,0,81,25255.974575746626,25444020,25474.751921870786
17038,14102,23904.777636802548,0,81,25424.482416107057,25444020,25474.751921870786
17038,14102,25307.81014128533,0,81,25424.482416107057,25444020,25474.751921870786
17038,14102,25336.081732695053,0,81,25424.482416107057,25444020,25474.751921870786
3776,4941,24498.094541826056,0,81,25194.595887315387,29414020,25497.071158784067
3776,4941,24992.464967266023,0,81,25194.595887315387,29414020,25497.071158784067
14582,4941,25279.05773999444,0,81,25298.96599860481,29414020,25497.071158784067
17251,3759,24847.259719327194,0,81,25245.150752629343,7518020,25506.29609811937
14102,3760,23609.25992724312,0,81,23862.111264795913,7518020,25534.682198304235
14102,3760,23776.495949903085,0,81,23862.111264795913,7518020,25534.682198304235
3756,3760,25238.44840615497,0,81,25344.4888701679,7518020,25534.682198304235
4908,4912,25429.663019393207,0,81,25476.428853045985,3320020,25548.758667545415
3750,17606,24701.361462614157,0,81,25083.24479402068,7518020,25604.035664415864
3756,3762,25307.969620446358,0,81,25344.4888701679,7518020,25641.748323310716
3746,3765,24430.77753074374,0,81,24884.700025126956,7518020,25726.33004701754
4941,3787,24776.23097245098,0,81,25497.071158784067,29414020,25810.068252201465
4941,3804,24752.695323053384,0,81,24755.28439928538,8564020,25880.437552366966
3748,4908,24924.509490151704,0,81,25005.285656618275,7518020,25911.47091897972
14102,18106,23946.974670368334,0,81,25142.17845882666,43223020,25947.540983161274
14102,18106,24566.43793759398,0,81,25142.17845882666,43223020,25947.540983161274
17475,18106,24868.076350934596,0,81,25704.915531207647,43223020,25947.540983161274
15461,17604,25288.070365347077,0,81,25347.345501421572,29414020,25951.87329382734
4941,17604,25127.45100931149,0,81,25497.071158784067,29414020,25951.87329382734
4941,17604,25467.86439480245,0,81,25497.071158784067,29414020,25951.87329382734
4941,17604,25500.982258340493,0,81,25514.998813074086,29414020,25951.87329382734
4947,17604,24934.475632998463,0,81,25671.794313802497,29414020,25951.87329382734
3777,17038,23656.40890088047,0,81,23901.238470274566,44814020,25990.716218437665
17245,17038,24653.91253306747,0,81,24743.373900310777,44814020,25990.716218437665
15948,17038,24357.160776928333,0,81,24833.951242925927,44814020,25990.716218437665
3804,17038,24781.636866506495,0,81,25036.134280620776,44814020,25990.716218437665
3807,17038,24785.939159179008,0,81,25164.109713870286,44814020,25990.716218437665
3807,17038,25065.19430070074,0,81,25164.109713870286,44814020,25990.716218437665
3819,17038,25747.439917713145,0,81,25786.323807082317,44814020,25990.716218437665
4908,4912,25609.195514369872,0,81,25911.47091897972,7518020,26008.590714867696
3813,14102,25199.446699562788,0,81,25504.229371494832,44814020,26023.438223709636
17038,14102,25602.178381684083,0,81,25990.716218437665,44814020,26023.438223709636
17038,14102,25827.065190406596,0,81,25990.716218437665,44814020,26023.438223709636
14102,3746,23936.7659990974,0,81,25142.17845882666,43223020,26317.05408452109
14102,3746,24589.121526158156,0,81,25142.17845882666,43223020,26317.05408452109
14102,3746,24787.096793014454,0,81,25142.17845882666,43223020,26317.05408452109
14102,3746,25136.690461250055,0,81,25142.17845882666,43223020,26317.05408452109
3725,3746,24437.341534362557,0,81,25183.161382881644,43223020,26317.05408452109
3726,3746,24312.44525713588,0,81,25262.699468947303,43223020,26317.05408452109
17475,3746,25289.79678467445,0,81,25704.915531207647,43223020,26317.05408452109
17476,3746,25307.830326965188,0,81,25737.308755206126,43223020,26317.05408452109
18607,3746,25518.91713761323,0,81,25806.58321849175,43223020,26317.05408452109
18607,3746,25717.23506739789,0,81,25806.58321849175,43223020,26317.05408452109
3739,3746,25221.8269581593,0,81,25849.5861342415,43223020,26317.05408452109
18106,3746,24871.629355617766,0,81,25947.540983161274,43223020,26317.05408452109
18106,3746,25778.822387986005,0,81,25947.540983161274,43223020,26317.05408452109
18106,3746,25916.263967416537,0,81,25947.540983161274,43223020,26317.05408452109
18106,3746,25928.41656612616,0,81,25947.540983161274,43223020,26317.05408452109
3741,3746,24815.725599392994,0,81,25999.35930942622,43223020,26317.05408452109
3741,3746,25022.3575967945,0,81,25999.35930942622,43223020,26317.05408452109
3741,3746,25496.94122023838,0,81,25999.35930942622,43223020,26317.05408452109
3741,3746,25570.09999370146,0,81,25999.35930942622,43223020,26317.05408452109
3741,3746,25801.25571981519,0,81,25999.35930942622,43223020,26317.05408452109
3741,3746,25916.422025962125,0,81,25999.35930942622,43223020,26317.05408452109
3742,3746,25279.716726856706,0,81,26062.468261456885,43223020,26317.05408452109
3742,3746,25387.04803541565,0,81,26062.468261456885,43223020,26317.05408452109
3742,3746,25786.534603517575,0,81,26062.468261456885,43223020,26317.05408452109
3742,3746,25862.138565107023,0,81,26062.468261456885,43223020,26317.05408452109
3743,3746,25684.349584870695,0,81,26132.263772531383,43223020,26317.05408452109
3743,3746,25957.777694301407,0,81,26132.263772531383,43223020,26317.05408452109
3744,3746,25352.466842357288,0,81,26200.562508538565,43223020,26317.05408452109
4908,2363,25908.04553114962,0,81,25911.47091897972,7518020,26331.501069220198
4941,3809,24131.498806957243,0,81,24755.28439928538,8564020,26358.76902263908
4941,3809,24271.7772255058,0,81,24755.28439928538,8564020,26358.76902263908
3805,3809,25514.91419753197,0,81,25965.06762518776,8564020,26358.76902263908
14102,3739,25636.806673651365,0,81,25696.244913815608,4552020,26391.73177786494
3743,3747,25254.31618087998,0,81,26132.263772531383,43223020,26399.033290511576
18106,3746,26014.693413945064,0,81,26078.489827631216,43965020,26423.243831352836
3741,3746,26044.15580630541,0,81,26119.906741320265,43965020,26423.243831352836
3744,3746,26252.276293906587,0,81,26291.1327965134,43965020,26423.243831352836
14582,4941,25350.344223519776,0,81,26093.81428778103,34233020,26434.526217950635
14582,4941,25734.78608912948,0,81,26093.81428778103,34233020,26434.526217950635
3728,3748,24141.025151968963,0,81,25305.90821874249,43223020,26435.941573574783
18106,3748,25009.829995530126,0,81,25947.540983161274,43223020,26435.941573574783
3745,3748,25241.718291100988,0,81,26264.494919549994,43223020,26435.941573574783
14102,18106,25516.852439484865,0,81,25696.244913815608,4552020,26464.74375514126
18607,18106,26291.395384264346,0,81,26341.930446232727,4552020,26464.74375514126
14582,3810,24502.415177153784,0,81,24532.386046352643,8564020,26473.968220870527
4947,3810,24275.925313925418,0,81,24917.88932222152,8564020,26473.968220870527
18107,3810,25246.070047582347,0,81,26115.046948895473,8564020,26473.968220870527
18107,3810,25980.872092668378,0,81,26115.046948895473,8564020,26473.968220870527
14102,3741,25586.51302779605,0,81,25696.244913815608,4552020,26527.512087320734
4941,4943,25865.899665036835,0,81,26434.526217950635,34233020,26533.455285874446
15461,3804,25317.609056223482,0,81,25347.345501421572,29414020,26654.200149867538
4941,3804,25034.692101152134,0,81,25497.071158784067,29414020,26654.200149867538
14102,3753,24118.231310540337,0,81,25142.17845882666,43223020,26678.741006854278
18607,3753,24874.704196948904,0,81,25806.58321849175,43223020,26678.741006854278
3744,3753,25602.519025172158,0,81,26200.562508538565,43223020,26678.741006854278
3750,3753,26294.25550247567,0,81,26539.068932741848,43223020,26678.741006854278
14102,3746,25221.293435081876,0,81,25470.84538887046,4712020,26678.799114025896
14102,3746,25391.230497903834,0,81,25470.84538887046,4712020,26678.799114025896
18106,3746,26277.681938752925,0,81,26354.80773314763,4712020,26678.799114025896
3741,3746,26158.879836746488,0,81,26393.890497469405,4712020,26678.799114025896
3741,3746,26178.007896789954,0,81,26393.890497469405,4712020,26678.799114025896
3741,3746,26350.752434102826,0,81,26393.890497469405,4712020,26678.799114025896
3742,3746,26390.062635509297,0,81,26446.54898688406,4712020,26678.799114025896
3744,3746,26405.655300724065,0,81,26528.067968631498,4712020,26678.799114025896
3744,3746,26457.93261873793,0,81,26528.067968631498,4712020,26678.799114025896
3749,3752,26496.679332979304,0,81,26587.006739709203,43965020,26711.860551754377
4947,3805,25312.697560637313,0,81,25671.794313802497,29414020,26719.23015838556
3741,3747,26309.206120968378,0,81,26393.890497469405,4712020,26743.912211148
14102,3746,25504.832270772073,0,81,25696.244913815608,4552020,26747.659473563235
14102,3746,25562.20158429789,0,81,25696.244913815608,4552020,26747.659473563235
17475,3746,26056.362847350367,0,81,26231.11188929133,4552020,26747.659473563235
3742,3746,26564.283242137662,0,81,26575.496298774833,4552020,26747.659473563235
3743,3746,26514.007199452688,0,81,26600.321716134793,4552020,26747.659473563235
3746,3755,25772.353982737794,0,81,26317.05408452109,43223020,26769.763713903714
3814,17133,25724.478832451037,0,81,26674.23215171458,8564020,26796.649915164635
3741,3756,24720.738265540385,0,81,25999.35930942622,43223020,26864.86061968014
3741,3756,25861.371765900276,0,81,25999.35930942622,43223020,26864.86061968014
3746,3756,25915.798215822782,0,81,26317.05408452109,43223020,26864.86061968014
3749,3756,26091.346399391325,0,81,26484.635207014202,43223020,26864.86061968014
3752,3756,26222.0595784431,0,81,26623.74537350922,43223020,26864.86061968014
3752,3756,26516.49926155788,0,81,26623.74537350922,43223020,26864.86061968014
3776,3788,25233.049236530627,0,81,26010.39348831422,34233020,26872.373773418785
4943,3807,24889.095217440077,0,81,25577.998813074086,29414020,26873.455010633003
3787,3818,25043.203452238242,0,81,25061.918335389328,8564020,26877.489319753407
14582,4941,26483.684167291507,0,81,26611.01038373621,6934020,26879.672387633218
15461,4941,26362.329186628955,0,81,26658.47300467338,6934020,26879.672387633218
14102,3756,25491.87067369389,0,81,25496.080691440824,43965020,26892.52104767722
18393,17603,25489.013662806436,0,81,26289.803192337382,34233020,26908.051315172754
4945,17603,25963.44788690954,0,81,26598.29868192111,34233020,26908.051315172754
14102,3750,25504.07965022567,0,81,25696.244913815608,4552020,26946.071394276387
3746,17249,26371.077653425156,0,81,26373.033290511576,43223020,26985.271555781335
4941,17604,26264.74165151723,0,81,26434.526217950635,34233020,27008.678238819703
4941,17604,26270.98428946081,0,81,26434.526217950635,34233020,27008.678238819703
3787,17604,25882.17854184569,0,81,26828.51438446279,34233020,27008.678238819703
3750,3759,26477.28283322988,0,81,26539.068932741848,43223020,27021.27445119357
14102,18106,25956.816852006184,0,81,26023.438223709636,4487020,27073.106267187788
14102,18106,25964.500986789008,0,81,26023.438223709636,4487020,27073.106267187788
3737,18106,26592.97029990991,0,81,26823.93196246155,4487020,27073.106267187788
3745,3760,25459.10164297569,0,81,26264.494919549994,43223020,27080.697846282732
3749,3760,25522.97034975987,0,81,26484.635207014202,43223020,27080.697846282732
3753,3760,25948.46462946551,0,81,26678.741006854278,43223020,27080.697846282732
3755,3760,26565.89739311873,0,81,26769.763713903714,43223020,27080.697846282732
17245,3810,26159.23790085229,0,81,26272.330768813696,29414020,27101.382031096007
18107,3810,26634.3417542739,0,81,26824.974449070134,29414020,27101.382031096007
3739,3741,26931.942608331105,0,81,26945.78989479858,4487020,27117.329771253862
3774,17038,24006.28094522411,0,81,24321.0,8564020,27146.575759954107
3776,17038,24044.598520238116,0,81,24418.354811280118,8564020,27146.575759954107
4947,17038,24832.104584086374,0,81,24917.88932222152,8564020,27146.575759954107
3794,17038,24695.246456513938,0,81,25387.42224156015,8564020,27146.575759954107
3804,17038,25348.371163551143,0,81,25880.437552366966,8564020,27146.575759954107
3804,17038,25578.25859241457,0,81,25880.437552366966,8564020,27146.575759954107
3807,17038,25656.720697931865,0,81,26228.02109436885,8564020,27146.575759954107
3808,17038,25556.688994701537,0,81,26255.96068133327,8564020,27146.575759954107
3809,17038,25905.928494080537,0,81,26358.76902263908,8564020,27146.575759954107
3809,17038,26196.62893343159,0,81,26358.76902263908,8564020,27146.575759954107
3810,17038,26207.40064766148,0,81,26473.968220870527,8564020,27146.575759954107
3753,3755,27056.040831472426,0,81,27060.64294961085,4552020,27163.411662148555
3746,17606,25767.094403809075,0,81,26317.05408452109,43223020,27190.680856486888
4941,3794,25639.700139950386,0,81,26434.526217950635,34233020,27191.96943813118
17604,3794,26637.5427524681,0,81,27008.678238819703,34233020,27191.96943813118
3756,3762,25802.05358109119,0,81,26864.86061968014,43223020,27227.80134417397
14582,3813,24737.02936917806,0,81,25298.96599860481,29414020,27228.989671299587
14102,3756,25578.69023204651,0,81,25696.244913815608,4552020,27239.103581958225
3726,3756,25420.66937286249,0,81,25541.21718837407,4712020,27298.850696946527
3776,4941,26731.898307570485,0,81,26993.0,18412020,27304.76028973903
4941,14102,24714.626687912663,0,81,24755.28439928538,8564020,27313.52171071305
3807,14102,25929.446887591785,0,81,26228.02109436885,8564020,27313.52171071305
3808,14102,26155.361796986166,0,81,26255.96068133327,8564020,27313.52171071305
3813,14102,25596.62276327301,0,81,26634.356232717877,8564020,27313.52171071305
3820,14102,26828.281435817702,0,81,26961.61043061892,8564020,27313.52171071305
17038,14102,26122.625996414798,0,81,27146.575759954107,8564020,27313.52171071305
17038,14102,26910.18881238294,0,81,27146.575759954107,8564020,27313.52171071305
3744,3765,26019.18862346683,0,81,26200.562508538565,43223020,27326.10010020414
3748,3765,25408.219885439874,0,81,26435.941573574783,43223020,27326.10010020414
4943,17603,26797.358189542076,0,81,26944.91304860787,6934020,27336.766932482424
3774,17604,25947.7495505522,0,81,26422.0,6934020,27435.79549638437
3776,17604,26157.485141839737,0,81,26509.243460071957,6934020,27435.79549638437
3777,17604,26396.437551249306,0,81,26541.775189151922,6934020,27435.79549638437
4941,17604,26651.02931075234,0,81,26879.672387633218,6934020,27435.79549638437
18607,4908,25310.441686978305,0,81,25806.58321849175,43223020,27532.73930766771
4941,3804,25515.706812270306,0,81,26434.526217950635,34233020,27584.809895511917
4941,3804,25671.624603340406,0,81,26434.526217950635,34233020,27584.809895511917
14102,3746,25756.417814757813,0,81,26023.438223709636,4487020,27593.804386001437
14102,3746,25782.565102665478,0,81,26023.438223709636,4487020,27593.804386001437
17475,3746,26583.242619724067,0,81,26776.15711683193,4487020,27593.804386001437
17476,3746,26514.589884604833,0,81,26806.51310676513,4487020,27593.804386001437
18106,3746,26569.752411683425,0,81,27073.106267187788,4487020,27593.804386001437
18106,3746,26603.513105858936,0,81,27073.106267187788,4487020,27593.804386001437
18106,3746,26813.578697621495,0,81,27073.106267187788,4487020,27593.804386001437
3741,3746,26540.159362810195,0,81,27117.329771253862,4487020,27593.804386001437
3741,3746,26634.61923457745,0,81,27117.329771253862,4487020,27593.804386001437
3741,3746,26656.76196361859,0,81,27117.329771253862,4487020,27593.804386001437
3741,3746,26939.420986552905,0,81,27117.329771253862,4487020,27593.804386001437
3741,3746,27027.175596520712,0,81,27117.329771253862,4487020,27593.804386001437
3741,3746,27043.685213005454,0,81,27117.329771253862,4487020,27593.804386001437
3742,3746,26601.154047912587,0,81,27174.820868210343,4487020,27593.804386001437
3742,3746,26727.779806053633,0,81,27174.820868210343,4487020,27593.804386001437
3742,3746,26746.298907819815,0,81,27174.820868210343,4487020,27593.804386001437
3742,3746,27044.365525601243,0,81,27174.820868210343,4487020,27593.804386001437
3743,3746,26687.569707159982,0,81,27245.223735895994,4487020,27593.804386001437
3743,3746,26994.60578482114,0,81,27245.223735895994,4487020,27593.804386001437
3743,3746,27032.523593304715,0,81,27245.223735895994,4487020,27593.804386001437
3743,3746,27186.628363000258,0,81,27245.223735895994,4487020,27593.804386001437
3744,3746,27142.44823723504,0,81,27304.080185972336,4487020,27593.804386001437
3760,17606,27212.21714854736,0,81,27444.958253906305,4552020,27617.277507001978
3756,3762,27109.67778813347,0,81,27239.103581958225,4552020,27652.189602903523
3776,3794,26063.87876662249,0,81,26509.243460071957,6934020,27657.880974992153
4945,3794,26886.843584303824,0,81,27000.21218314213,6934020,27657.880974992153
3762,18580,26998.300395788236,0,81,27219.287458256524,43965020,27697.939710189818
3762,18580,27136.2713740937,0,81,27219.287458256524,43965020,27697.939710189818
3764,18580,25801.162415401493,0,81,27256.33740466932,43965020,27697.939710189818
3765,18580,26135.11414888612,0,81,27290.53317298229,43965020,27697.939710189818
4910,18580,27516.07843354637,0,81,27604.002551943806,43965020,27697.939710189818
17475,3748,26239.19877118578,0,81,26776.15711683193,4487020,27711.161997495485
18607,3748,26556.371855010846,0,81,26910.299191846625,4487020,27711.161997495485
3725,18580,24628.06418327196,0,81,25183.161382881644,43223020,27731.689677068476
3725,18580,25066.041554875068,0,81,25183.161382881644,43223020,27731.689677068476
3726,18580,25218.541036356983,0,81,25262.699468947303,43223020,27731.689677068476
18607,18580,25227.685581405567,0,81,25806.58321849175,43223020,27731.689677068476
3742,18580,25636.217618359085,0,81,26062.468261456885,43223020,27731.689677068476
3744,18580,25279.40587756405,0,81,26200.562508538565,43223020,27731.689677068476
3748,18580,25944.10378191369,0,81,26435.941573574783,43223020,27731.689677068476
3749,18580,25483.25082439551,0,81,26484.635207014202,43223020,27731.689677068476
3752,18580,25667.697011705142,0,81,26623.74537350922,43223020,27731.689677068476
3753,18580,25285.100237519706,0,81,26678.741006854278,43223020,27731.689677068476
3753,18580,26243.880394887707,0,81,26678.741006854278,43223020,27731.689677068476
3756,18580,25875.038634542943,0,81,26864.86061968014,43223020,27731.689677068476
4941,3788,26984.731034819186,0,81,27304.76028973903,18412020,27758.861169734457
3804,3808,27298.273503168435,0,81,27584.809895511917,34233020,27765.97089625763
14102,17475,26884.173909001915,0,81,27313.52171071305,40973020,27815.666565365154
3804,3809,27515.766623981126,0,81,27584.809895511917,34233020,27829.064584911357
3804,3810,27590.337774707543,0,81,27600.565837287362,34233020,27898.140335975608
17247,17604,27644.17053217958,0,81,27653.459972970504,18412020,27914.10107579709
18107,3811,27520.53852848631,0,81,27682.565837287362,34233020,27947.53517344094
3762,4912,27598.207655270115,0,81,27652.189602903523,4552020,27986.009171762602
3764,4912,27583.38313599673,0,81,27696.259189402106,4552020,27986.009171762602
17247,3813,26668.534656088035,0,81,26791.73701050927,34233020,28017.02218673312
3760,18580,27353.332863972988,0,81,27444.958253906305,4552020,28029.628228295544
4910,18580,27774.236578548804,0,81,27932.128069420545,4552020,28029.628228295544
14102,18106,27258.80860774897,0,81,27313.52171071305,40973020,28034.617545104677
3737,18106,26910.420232723085,0,81,27866.795772378016,40973020,28034.617545104677
3771,2363,26844.180609434003,0,81,27913.973690108603,43965020,28043.50667434326
3804,3814,27361.489336489343,0,81,27584.809895511917,34233020,28056.91099734112
17245,3803,27606.03452913829,0,81,27749.948373110896,6934020,28093.326255686992
3811,3815,27875.914003659123,0,81,27947.53517344094,34233020,28100.704236974172
3745,18580,26335.629092969306,0,81,26582.54000495348,4712020,28150.088735752106
3746,18580,26637.824261028567,0,81,26678.799114025896,4712020,28150.088735752106
3748,3756,27575.33294811958,0,81,27711.161997495485,4487020,28173.355206881453
3748,3756,27581.031767622946,0,81,27711.161997495485,4487020,28173.355206881453
3749,3756,27271.971704752803,0,81,27771.77357209153,4487020,28173.355206881453
17251,3756,28067.95915038554,0,81,28101.08874324323,4487020,28173.355206881453
15931,3804,27605.33640299205,0,81,27816.9684499487,6934020,28178.706858991576
3762,3773,26043.632417940524,0,81,27219.287458256524,43965020,28244.168959119128
3762,3773,26153.094386040128,0,81,27219.287458256524,43965020,28244.168959119128
3756,3771,27117.364857502685,0,81,27239.103581958225,4552020,28251.078949744526
3809,3820,27513.46954303181,0,81,27829.064584911357,34233020,28252.74234290939
3745,17249,27169.143845630922,0,81,27401.2048118099,4487020,28260.619696682243
3746,3760,27012.889705460726,0,81,27593.804386001437,4487020,28328.959601235823
3746,3760,27085.616210386266,0,81,27593.804386001437,4487020,28328.959601235823
3749,3760,27637.415594553262,0,81,27771.77357209153,4487020,28328.959601235823
3756,3760,27671.41511502957,0,81,28173.355206881453,4487020,28328.959601235823
3759,3760,27617.678079872516,0,81,28291.53851369242,4487020,28328.959601235823
4941,15931,27300.667069443156,0,81,27304.76028973903,18412020,28365.64430756277
3773,17038,24576.768957361215,0,81,25068.82388619654,29414020,28375.684137331707
5348,17038,24850.990211020653,0,81,25438.94968291306,29414020,28375.684137331707
4943,17038,24955.213619763745,0,81,25577.998813074086,29414020,28375.684137331707
3791,17038,25988.929484045737,0,81,25995.50666538836,29414020,28375.684137331707
3794,17038,25563.435258416215,0,81,26175.50666538836,29414020,28375.684137331707
15931,17038,25721.58361466477,0,81,26350.9824886612,29414020,28375.684137331707
3804,17038,26157.112349641215,0,81,26654.200149867538,29414020,28375.684137331707
3804,17038,26227.190117492577,0,81,26654.200149867538,29414020,28375.684137331707
18107,17038,26559.957191014,0,81,26824.974449070134,29414020,28375.684137331707
3808,17038,26706.608842396967,0,81,26927.50545357414,29414020,28375.684137331707
3809,17038,26538.86642391236,0,81,26992.129645834844,29414020,28375.684137331707
14102,3746,26421.964182657135,0,81,27313.52171071305,40973020,28378.5504170671
14102,3746,26532.797515819784,0,81,27313.52171071305,40973020,28378.5504170671
14102,3746,26560.53291466969,0,81,27313.52171071305,40973020,28378.5504170671
3726,3746,27266.01106249943,0,81,27446.465889778625,40973020,28378.5504170671
3726,3746,27274.5312303344,0,81,27446.465889778625,40973020,28378.5504170671
3728,3746,26830.94141208122,0,81,27491.84516762384,40973020,28378.5504170671
3733,3746,26819.162598346426,0,81,27717.366412984094,40973020,28378.5504170671
17475,3746,27126.036653154464,0,81,27815.666565365154,40973020,28378.5504170671
17475,3746,27155.17408322259,0,81,27815.666565365154,40973020,28378.5504170671
3737,3746,26891.874184217835,0,81,27866.795772378016,40973020,28378.5504170671
3739,3746,27286.218173313453,0,81,27953.241325589268,40973020,28378.5504170671
3739,3746,27504.65695951556,0,81,27953.241325589268,40973020,28378.5504170671
18106,3746,27479.21397751609,0,81,28034.617545104677,40973020,28378.5504170671
18106,3746,27484.236984919095,0,81,28034.617545104677,40973020,28378.5504170671
18106,3746,27575.160142661214,0,81,28034.617545104677,40973020,28378.5504170671
18106,3746,27795.46051511709,0,81,28034.617545104677,40973020,28378.5504170671
3741,3746,27222.625354335385,0,81,28087.061500102503,40973020,28378.5504170671
3741,3746,27310.868672906752,0,81,28087.061500102503,40973020,28378.5504170671
3741,3746,27654.218795943652,0,81,28087.061500102503,40973020,28378.5504170671
3741,3746,27663.775950238272,0,81,28087.061500102503,40973020,28378.5504170671
3741,3746,27737.00165233393,0,81,28087.061500102503,40973020,28378.5504170671
3742,3746,27531.67225814433,0,81,28162.042116925146,40973020,28378.5504170671
3743,3746,28173.006512022745,0,81,28198.716491211206,40973020,28378.5504170671
3744,3746,27758.906529089352,0,81,28262.147542268554,40973020,28378.5504170671
3744,3746,28003.594934192843,0,81,28262.147542268554,40973020,28378.5504170671
3744,3746,28081.53706889737,0,81,28262.147542268554,40973020,28378.5504170671
3794,3808,27340.98808088195,0,81,27657.880974992153,6934020,28378.888152568114
4941,3809,26852.892552372017,0,81,26879.672387633218,6934020,28460.393443449655
17604,3809,27139.452492277484,0,81,27435.79549638437,6934020,28460.393443449655
3749,3762,26954.14170628546,0,81,27771.77357209153,4487020,28480.827371047024
14102,3748,26450.287854174436,0,81,27313.52171071305,40973020,28535.807128881377
14102,3748,26960.588501937396,0,81,27313.52171071305,40973020,28535.807128881377
18106,3748,27155.68466344352,0,81,28034.617545104677,40973020,28535.807128881377
14582,14102,24657.488124855216,0,81,25298.96599860481,29414020,28544.346589960598
3791,14102,25369.81569114424,0,81,25988.36571048734,29414020,28544.346589960598
18107,14102,26365.118487934014,0,81,26824.974449070134,29414020,28544.346589960598
3812,14102,27109.562453745926,0,81,27190.812999860107,29414020,28544.346589960598
3815,14102,27130.23686802105,0,81,27311.803025556026,29414020,28544.346589960598
3820,14102,26972.84750182424,0,81,27495.490698874884,29414020,28544.346589960598
17038,14102,27493.469574327006,0,81,28375.684137331707,29414020,28544.346589960598
17038,14102,27705.883232404816,0,81,28375.684137331707,29414020,28544.346589960598
17038,14102,28354.342082965104,0,81,28375.684137331707,29414020,28544.346589960598
3773,17038,25099.945621730232,0,81,25890.0,34233020,28544.392916727218
5348,17038,25492.23974875078,0,81,26314.029153798085,34233020,28544.392916727218
4943,17038,25720.333349801844,0,81,26533.455285874446,34233020,28544.392916727218
15948,17038,27300.707889660534,0,81,27413.447546785395,34233020,28544.392916727218
3804,17038,27404.929213553507,0,81,27584.809895511917,34233020,28544.392916727218
3807,17038,27580.286872011788,0,81,27720.859231335162,34233020,28544.392916727218
3809,17038,27812.46798056841,0,81,27829.064584911357,34233020,28544.392916727218
3810,17038,27565.12860098171,0,81,27898.140335975608,34233020,28544.392916727218
3812,17038,27694.83932154453,0,81,27990.69392333716,34233020,28544.392916727218
3814,17038,27893.848671581985,0,81,28056.91099734112,34233020,28544.392916727218
3815,17038,27502.51771030045,0,81,28100.704236974172,34233020,28544.392916727218
3815,17038,27681.93699659041,0,81,28100.704236974172,34233020,28544.392916727218
14582,3810,26502.47852973022,0,81,26611.01038373621,6934020,28561.227006041066
18107,3810,27731.13145455385,0,81,28315.127130200228,6934020,28561.227006041066
18107,3810,27958.635299446654,0,81,28315.127130200228,6934020,28561.227006041066
3760,3765,27574.625222314,0,81,28328.959601235823,4487020,28570.71207214649
3762,3765,28323.089882652872,0,81,28480.827371047024,4487020,28570.71207214649
3774,14582,27685.65702707173,0,81,28262.647471038865,31303020,28601.06942184162
18106,3749,27858.844712161303,0,81,28034.617545104677,40973020,28637.91998987597
3773,15461,28158.044838193317,0,81,28230.0,31303020,28668.85262031445
3788,3804,27507.45935969535,0,81,27758.861169734457,18412020,28674.44666238049
14102,3750,26403.235693668397,0,81,27313.52171071305,40973020,28683.82154529343
15461,14102,25765.46180667738,0,81,26168.781910186313,34233020,28708.516578051283
4941,14102,25927.129441673904,0,81,26434.526217950635,34233020,28708.516578051283
17247,14102,26396.7546278175,0,81,26791.73701050927,34233020,28708.516578051283
17604,14102,26174.863634085235,0,81,27008.678238819703,34233020,28708.516578051283
3810,14102,27657.570336921293,0,81,27898.140335975608,34233020,28708.516578051283
3804,3807,28429.459007719863,0,81,28674.44666238049,18412020,28882.629851563423
14102,17251,26468.801893035794,0,81,27313.52171071305,40973020,28888.987360437335
4908,18580,28230.910712623205,0,81,28728.05427418618,4487020,28901.603358683864
4908,18580,28474.893704838556,0,81,28728.05427418618,4487020,28901.603358683864
4910,18580,28636.441224846414,0,81,28786.25610655757,4487020,28901.603358683864
14582,4941,27216.93064707468,0,81,28601.06942184162,31303020,28912.985040483643
14582,4941,28514.9611711381,0,81,28601.06942184162,31303020,28912.985040483643
15461,4941,28031.587050159775,0,81,28668.85262031445,31303020,28912.985040483643
14102,3756,26496.51623692408,0,81,27313.52171071305,40973020,28975.974017953147
14102,3756,27085.861525169585,0,81,27313.52171071305,40973020,28975.974017953147
18607,3756,26994.994494025043,0,81,27931.13584122782,40973020,28975.974017953147
3745,3756,27540.75482804964,0,81,28320.859042188276,40973020,28975.974017953147
3762,15343,28421.69568633263,0,81,28480.827371047024,4487020,29038.527799188847
14582,4941,28743.56341368769,0,81,28808.648399426558,21873020,29083.708840645904
14102,17249,26334.35583783474,0,81,27313.52171071305,40973020,29084.874831431418
18580,5418,28618.874220652164,0,81,28901.603358683864,4487020,29088.390842286728
18352,3808,28029.795333630977,0,81,28290.829278843055,18412020,29112.47367439848
3773,4947,27975.806275304036,0,81,28230.0,31303020,29112.507047085623
5348,4947,28498.059569168938,0,81,28811.954912525645,31303020,29112.507047085623
4941,4947,28813.348911056917,0,81,28912.985040483643,31303020,29112.507047085623
14102,3745,27669.38022093547,0,81,27758.732944889314,29097020,29139.03881874417
18106,3760,27499.094615366215,0,81,28034.617545104677,40973020,29173.573534538034
3745,3760,27599.571047419286,0,81,28320.859042188276,40973020,29173.573534538034
3746,3760,28014.58421919446,0,81,28378.5504170671,40973020,29173.573534538034
3753,3760,28685.33218175065,0,81,28825.76467429395,40973020,29173.573534538034
4941,3809,26904.10611727705,0,81,27304.76028973903,18412020,29207.263578331018
4941,3809,26918.639067330885,0,81,27304.76028973903,18412020,29207.263578331018
17247,3809,27232.601381527766,0,81,27653.459972970504,18412020,29207.263578331018
3803,3809,28243.724250556857,0,81,28605.62624758067,18412020,29207.263578331018
3756,3762,28476.583489970464,0,81,28975.974017953147,40973020,29279.681406223383
14102,3746,27659.376968146484,0,81,27758.732944889314,29097020,29291.2996961185
14102,3746,27686.554856832812,0,81,27758.732944889314,29097020,29291.2996961185
3726,3746,27670.363695280976,0,81,27872.62476127486,29097020,29291.2996961185
17476,3746,27951.67881498572,0,81,28509.177928901274,29097020,29291.2996961185
18106,3746,28527.863136222048,0,81,28810.37883750213,29097020,29291.2996961185
18106,3746,28665.539682407893,0,81,28810.37883750213,29097020,29291.2996961185
3741,3746,28151.064407870897,0,81,28847.794221312633,29097020,29291.2996961185
3741,3746,28486.79820906616,0,81,28847.794221312633,29097020,29291.2996961185
3741,3746,28593.79481078545,0,81,28847.794221312633,29097020,29291.2996961185
3741,3746,28817.110106068474,0,81,28847.794221312633,29097020,29291.2996961185
3742,3746,28489.870005392266,0,81,28896.905131803425,29097020,29291.2996961185
3743,3746,28564.520719253134,0,81,28938.99790429083,29097020,29291.2996961185
3743,3746,28693.28405113359,0,81,28938.99790429083,29097020,29291.2996961185
3744,3746,28881.643095026542,0,81,29013.699858826265,29097020,29291.2996961185
14582,3810,26817.12533648419,0,81,27075.48300438539,18412020,29333.8028584685
15931,3810,28295.247301831718,0,81,28365.64430756277,18412020,29333.8028584685
4941,17247,28054.132510155625,0,81,28912.985040483643,31303020,29348.856746961534
14582,4941,29191.606866292448,0,81,29251.838570709457,33610020,29436.710552476747
18393,4941,28977.401322310787,0,81,29345.93878818607,33610020,29436.710552476747
18393,4941,29190.91823019964,0,81,29345.93878818607,33610020,29436.710552476747
3810,3813,28659.36764883742,0,81,29333.8028584685,18412020,29441.108556661195
4941,17247,28960.116084970712,0,81,29083.708840645904,21873020,29478.11144123209
5418,3773,28628.851031242542,0,81,29088.390842286728,4487020,29479.18581811397
14582,4945,28922.885855202116,0,81,29251.838570709457,33610020,29525.93476437489
3744,3749,28699.289343870405,0,81,29013.699858826265,29097020,29533.759407802623
4941,3787,29045.627841946123,0,81,29083.708840645904,21873020,29543.005716363754
3762,4908,28928.928696859053,0,81,29279.681406223383,40973020,29547.60940531717
4943,17038,26651.25002334163,0,81,26944.91304860787,6934020,29558.622129087984
3788,17038,26917.07116671529,0,81,27287.92105593071,6934020,29558.622129087984
3803,17038,27541.00051506929,0,81,28093.326255686992,6934020,29558.622129087984
3808,17038,28295.460044498926,0,81,28378.888152568114,6934020,29558.622129087984
3808,17038,28364.74220865619,0,81,28378.888152568114,6934020,29558.622129087984
3809,17038,28305.963966395935,0,81,28460.393443449655,6934020,29558.622129087984
3809,17038,28375.422853977147,0,81,28460.393443449655,6934020,29558.622129087984
3776,17603,28225.15627049052,0,81,28414.25799257516,31303020,29562.411420212313
14582,17603,27269.217625082107,0,81,28601.06942184162,31303020,29562.411420212313
14582,17603,27950.367281794526,0,81,28601.06942184162,31303020,29562.411420212313
14582,17603,28069.594051818458,0,81,28601.06942184162,31303020,29562.411420212313
15461,17603,27347.98116501857,0,81,28668.85262031445,31303020,29562.411420212313
4945,17603,28079.088357467695,0,81,29028.91209246697,31303020,29562.411420212313
4947,17603,28137.74829988855,0,81,29112.507047085623,31303020,29562.411420212313
4941,3788,29051.49756099385,0,81,29083.708840645904,21873020,29564.89850753897
18393,4947,29279.297604022453,0,81,29345.93878818607,33610020,29592.621771724564
3812,14102,28002.01922968103,0,81,28643.47120046335,6934020,29600.14026219557
3814,14102,28450.103529469623,0,81,28705.945632015897,6934020,29600.14026219557
17038,14102,29027.177316901256,0,81,29558.622129087984,6934020,29600.14026219557
17038,14102,29052.121308230166,0,81,29558.622129087984,6934020,29600.14026219557
17038,14102,29273.417042759007,0,81,29558.622129087984,6934020,29600.14026219557
17038,14102,29301.526320407953,0,81,29558.622129087984,6934020,29600.14026219557
4941,17604,28092.40295681735,0,81,28912.985040483643,31303020,29626.151657804116
4941,17604,28913.23768021852,0,81,28937.91209246697,31303020,29626.151657804116
3746,4912,28016.50553814997,0,81,28378.5504170671,40973020,29635.815048495635
3773,17604,28364.63939244822,0,81,28650.0,21873020,29675.378181592758
3733,18106,28427.06199944494,0,81,29107.590764705506,27478020,29679.317528367766
3746,3752,28504.420461490954,0,81,29291.2996961185,29097020,29702.629999833574
14102,18580,26369.47730981987,0,81,27313.52171071305,40973020,29713.576744581445
17475,18580,27093.330995203574,0,81,27815.666565365154,40973020,29713.576744581445
3742,18580,27645.779277661604,0,81,28162.042116925146,40973020,29713.576744581445
3746,18580,28047.673290860075,0,81,28378.5504170671,40973020,29713.576744581445
3776,17246,28134.189060311215,0,81,28414.25799257516,31303020,29720.790576105377
3777,17246,28116.192183076942,0,81,28451.80014198621,31303020,29720.790576105377
14102,3741,28502.65990693993,0,81,28544.346589960598,27478020,29746.066810994722
17247,3794,28102.672828414008,0,81,29348.856746961534,31303020,29756.027455043957
3777,3794,28738.248999533294,0,81,28757.219269419817,21873020,29788.591603571393
3748,3755,29228.647471217926,0,81,29447.153010644197,29097020,29793.220941166594
3741,3756,28365.836261210414,0,81,28847.794221312633,29097020,29824.07620654249
3746,3756,28588.983491602827,0,81,29291.2996961185,29097020,29824.07620654249
3749,3756,29452.74652714178,0,81,29533.759407802623,29097020,29824.07620654249
3750,3756,29622.297715049044,0,81,29630.613838311267,29097020,29824.07620654249
3752,3756,29523.098730819787,0,81,29702.629999833574,29097020,29824.07620654249
17251,3756,29041.22129314907,0,81,29768.544252713207,29097020,29824.07620654249
18107,17038,28759.999397298638,0,81,28810.60694223706,18412020,29858.959801826943
3807,17038,28420.07877932369,0,81,28882.629851563423,18412020,29858.959801826943
3808,17038,28723.282532586654,0,81,29112.47367439848,18412020,29858.959801826943
3814,17038,29039.091608415816,0,81,29476.839433224584,18412020,29858.959801826943
17475,3746,28566.33577453541,0,81,29284.966819494588,23258020,29870.826430447523
18106,3746,29010.23914479213,0,81,29509.46640628034,23258020,29870.826430447523
18106,3746,29143.877055424346,0,81,29509.46640628034,23258020,29870.826430447523
18106,3746,29276.032094836446,0,81,29509.46640628034,23258020,29870.826430447523
18106,3746,29362.601837767106,0,81,29509.46640628034,23258020,29870.826430447523
18106,3746,29520.085851962358,0,81,29525.396566218915,23258020,29870.826430447523
3741,3746,28942.147644042812,0,81,29577.396566218915,23258020,29870.826430447523
3741,3746,29301.403423643707,0,81,29577.396566218915,23258020,29870.826430447523
3742,3746,29328.9821459378,0,81,29613.745502058322,23258020,29870.826430447523
3743,3746,28987.851350157132,0,81,29645.39842055825,23258020,29870.826430447523
3744,3746,29107.95565641716,0,81,29701.773170141918,23258020,29870.826430447523
3744,3746,29113.228071485293,0,81,29701.773170141918,23258020,29870.826430447523
3744,3746,29303.420682342556,0,81,29701.773170141918,23258020,29870.826430447523
3756,3757,29809.49754675231,0,81,29824.07620654249,29097020,29883.119303038813
14582,14102,26625.072643487136,0,81,27075.48300438539,18412020,29887.729905613283
3807,14102,28763.702332274865,0,81,28882.629851563423,18412020,29887.729905613283
14102,3745,28728.283659467306,0,81,28818.77296260097,29932020,29949.386564359458
14102,3771,27022.997974519898,0,81,27313.52171071305,40973020,29953.45320324795
18106,3760,28454.65673038824,0,81,28810.37883750213,29097020,29978.712064879037
17603,15931,28636.736158283777,0,81,29562.411420212313,31303020,29999.431371527608
18580,16192,29126.310951634256,0,81,29713.576744581445,40973020,30008.177434754194
3750,3762,29628.37597974348,0,81,29630.613838311267,29097020,30080.62230457889
3732,3746,29124.256869048135,0,81,29205.109654384043,29932020,30087.568809912587
3741,3746,29588.229908627585,0,81,29709.412377965462,29932020,30087.568809912587
3741,3746,29592.958894595577,0,81,29709.412377965462,29932020,30087.568809912587
3744,3746,29833.772660214563,0,81,29839.708030155576,29932020,30087.568809912587
3746,3750,29410.865522648277,0,81,29870.826430447523,23258020,30087.744139527767
3746,3750,29500.79354084541,0,81,29870.826430447523,23258020,30087.744139527767
3749,3750,30013.51560092988,0,81,30047.510462023765,23258020,30087.744139527767
14102,3737,29571.92996475735,0,81,29600.14026219557,47858020,30121.59512084446
4945,3802,28259.08887743277,0,81,29028.91209246697,31303020,30128.7271200251
14102,3746,27820.785085663203,0,81,28544.346589960598,27478020,30160.94362557831
14102,3746,27966.240351287783,0,81,28544.346589960598,27478020,30160.94362557831
14102,3746,28219.018842533525,0,81,28544.346589960598,27478020,30160.94362557831
14102,3746,28302.143501683608,0,81,28544.346589960598,27478020,30160.94362557831
14102,3746,28418.960880188457,0,81,28544.346589960598,27478020,30160.94362557831
14102,3746,28497.961950991248,0,81,28544.346589960598,27478020,30160.94362557831
14102,3746,28521.87580129241,0,81,28544.346589960598,27478020,30160.94362557831
3728,3746,28439.75488799754,0,81,28675.545925201943,27478020,30160.94362557831
17476,3746,29376.271978686655,0,81,29415.892153460143,27478020,30160.94362557831
3745,3752,29716.81192140936,0,81,29766.64157373249,23258020,30168.731713797362
3748,3752,29884.626615584006,0,81,30001.250459644332,23258020,30168.731713797362
3750,3765,29041.744482191254,0,81,29630.613838311267,29097020,30169.791285717514
4941,3803,28148.74899057866,0,81,28912.985040483643,31303020,30200.399159632896
17603,3803,29297.025483517227,0,81,29562.411420212313,31303020,30200.399159632896
14582,3804,28708.828476047354,0,81,28808.648399426558,21873020,30235.703114996686
3747,3753,29475.99903241713,0,81,29950.038115396543,23258020,30238.121329237463
14102,3739,29316.678963038194,0,81,29600.14026219557,47858020,30253.734134500457
3726,3773,26262.286431692803,0,81,27446.465889778625,40973020,30269.1301955238
3756,3773,28682.965286553997,0,81,28975.974017953147,40973020,30269.1301955238
3774,3804,27913.687983697942,0,81,28262.647471038865,31303020,30288.398941651896
14582,3804,27302.260936956696,0,81,28601.06942184162,31303020,30288.398941651896
14582,3804,27679.050308314207,0,81,28601.06942184162,31303020,30288.398941651896
4941,3804,28225.662491510917,0,81,28912.985040483643,31303020,30288.398941651896
4941,3788,29453.16263613131,0,81,29932.940656947405,19550020,30351.45964715145
4943,3788,29857.243107654827,0,81,29985.367431225393,19550020,30351.45964715145
14102,18106,28943.3153659423,0,81,29600.14026219557,47858020,30372.079630773962
3732,18106,29316.653078122086,0,81,29896.065448869813,47858020,30372.079630773962
3803,3808,29565.884373896024,0,81,30154.440950061176,21873020,30424.575254427804
14582,4941,29979.49624714602,0,81,30180.622112698813,42229020,30428.911057485948
14582,4941,30138.651930092175,0,81,30180.622112698813,42229020,30428.911057485948
14102,3741,29440.51135984025,0,81,29600.14026219557,47858020,30428.925707575756
4941,18107,27842.201941658288,0,81,28912.985040483643,31303020,30434.97875225272
3774,3807,28124.592834601717,0,81,28262.647471038865,31303020,30461.609345438872
3756,4912,29449.43597829934,0,81,29824.07620654249,29097020,30499.961791528265
3764,4912,29959.521474417106,0,81,30136.90446142167,29097020,30499.961791528265
14102,3742,29099.86994839474,0,81,29600.14026219557,47858020,30501.044605687854
3746,3752,30063.179780341372,0,81,30087.568809912587,29932020,30512.769796946875
3803,3809,29987.632790224055,0,81,30154.440950061176,21873020,30528.814233242236
18107,3809,29009.30457082578,0,81,30350.83237052124,21873020,30528.814233242236
17251,18580,29523.68048035935,0,81,29768.544252713207,29097020,30544.51342122998
4908,18580,29667.638175250853,0,81,30396.603148465,29097020,30544.51342122998
4910,18580,30050.912648607547,0,81,30458.119437003104,29097020,30544.51342122998
3742,3760,29034.989033316604,0,81,29613.745502058322,23258020,30578.13048330024
3773,3809,26928.163289183416,0,81,28230.0,31303020,30615.12802948016
4941,3809,27817.914916463367,0,81,28912.985040483643,31303020,30615.12802948016
3803,3810,28670.359258321263,0,81,30154.440950061176,21873020,30637.23216920116
3803,3810,29349.126438696614,0,81,30154.440950061176,21873020,30637.23216920116
3805,3810,29895.283502519924,0,81,30282.347321786678,21873020,30637.23216920116
4941,3804,29381.614153174098,0,81,29436.710552476747,33610020,30650.98042152817
17604,3804,29760.258446606338,0,81,29878.608962783877,33610020,30650.98042152817
3749,5418,29287.694829732733,0,81,29533.759407802623,29097020,30708.64197939956
4941,17247,30287.98481711538,0,81,30428.911057485948,42229020,30718.53522471852
14102,3737,29911.98229830386,0,81,30273.46226260015,9514020,30725.0285819819
3787,3810,28240.892525947365,0,81,29430.95945132931,31303020,30731.74138096482
3788,3810,27874.93221502049,0,81,29469.227860120744,31303020,30731.74138096482
17603,3810,29232.492424766337,0,81,29562.411420212313,31303020,30731.74138096482
3746,3765,29814.547643675145,0,81,29870.826430447523,23258020,30747.780536799546
3773,3807,28955.137243244357,0,81,29070.0,33610020,30750.723673208075
18393,3795,29429.76232415507,0,81,29834.665820289487,19550020,30777.040610736403
18393,3795,29759.66122837789,0,81,29834.665820289487,19550020,30777.040610736403
17247,3788,30646.102867197686,0,81,30718.53522471852,42229020,30782.71813497306
14102,3757,27974.00352199344,0,81,28544.346589960598,27478020,30828.299572878877
3746,3756,29912.225416744972,0,81,30087.568809912587,29932020,30834.46988088826
14102,3746,28914.476857445326,0,81,29600.14026219557,47858020,30835.096024573966
14102,3746,29610.198630135685,0,81,29616.924525200295,47858020,30835.096024573966
3731,3746,29824.365687506837,0,81,29853.924525200295,47858020,30835.096024573966
17475,3746,29682.644369342463,0,81,30054.44070271563,47858020,30835.096024573966
18106,3746,29851.991558737533,0,81,30372.079630773962,47858020,30835.096024573966
18106,3746,30226.84019842645,0,81,30372.079630773962,47858020,30835.096024573966
3741,3746,30002.90940379251,0,81,30428.925707575756,47858020,30835.096024573966
3741,3746,30159.463135536225,0,81,30428.925707575756,47858020,30835.096024573966
3741,3746,30201.966293981317,0,81,30428.925707575756,47858020,30835.096024573966
3742,3746,30463.43014108916,0,81,30501.044605687854,47858020,30835.096024573966
3743,3746,30377.769334248904,0,81,30547.4404945118,47858020,30835.096024573966
3743,3746,30497.252920077302,0,81,30547.4404945118,47858020,30835.096024573966
3744,3746,29930.212358990182,0,81,30637.492829158557,47858020,30835.096024573966
3744,3746,29968.37052076846,0,81,30637.492829158557,47858020,30835.096024573966
3756,16192,29183.39304950821,0,81,29824.07620654249,29097020,30844.573774758166
4947,17604,30214.477882840456,0,81,30584.230295103025,42229020,30911.01720688269
3810,3818,30619.711518269152,0,81,30637.23216920116,21873020,30929.957101003558
3756,3760,30696.919908532567,0,81,30723.80446288442,27478020,30939.548324196894
15461,15948,29604.49276634493,0,81,29740.358576742387,19550020,30962.431870785982
14102,18106,29803.85003246561,0,81,30273.46226260015,9514020,30964.95887242223
14102,18106,30006.29219909373,0,81,30273.46226260015,9514020,30964.95887242223
4941,3809,29240.574593958827,0,81,29436.710552476747,33610020,30969.306327890215
17247,17133,28280.105440428604,0,81,29348.856746961534,31303020,30993.755250437986
14102,3741,29885.059584179086,0,81,30273.46226260015,9514020,31006.549481640577
4908,4910,30882.253275294763,0,81,30930.7584496939,23258020,31033.774737852178
4941,17038,28984.81537159738,0,81,29083.708840645904,21873020,31105.158441342366
3803,17038,29213.60498830852,0,81,30154.440950061176,21873020,31105.158441342366
3803,17038,29537.17263127674,0,81,30154.440950061176,21873020,31105.158441342366
18107,17038,29421.95928118731,0,81,30350.83237052124,21873020,31105.158441342366
3808,17038,29360.499784194828,0,81,30424.575254427804,21873020,31105.158441342366
3809,17038,30222.434003893133,0,81,30528.814233242236,21873020,31105.158441342366
3810,17038,29495.655059246696,0,81,30637.23216920116,21873020,31105.158441342366
3810,17038,29639.03538250448,0,81,30637.23216920116,21873020,31105.158441342366
3812,17038,29477.647434577328,0,81,30738.619626552114,21873020,31105.158441342366
3815,17038,29834.367677802646,0,81,30855.77702617337,21873020,31105.158441342366
3805,3810,30517.25182782812,0,81,30691.23668345227,33610020,31118.06268748431
14102,18580,28666.96965615735,0,81,28708.516578051283,23258020,31119.619148303078
3731,18580,28863.96044505078,0,81,29050.99987713021,23258020,31119.619148303078
18106,18580,29487.955298383677,0,81,29509.46640628034,23258020,31119.619148303078
3743,18580,29028.065111802047,0,81,29645.39842055825,23258020,31119.619148303078
3744,18580,29360.930258213728,0,81,29701.773170141918,23258020,31119.619148303078
3749,18580,29777.583596065993,0,81,30047.510462023765,23258020,31119.619148303078
3749,18580,29871.78082699627,0,81,30047.510462023765,23258020,31119.619148303078
3752,18580,29997.119363431568,0,81,30168.731713797362,23258020,31119.619148303078
3756,18580,30292.732493453852,0,81,30376.5804451348,23258020,31119.619148303078
3762,18580,30577.011978032875,0,81,30691.4961003879,23258020,31119.619148303078
4908,18580,30493.52036397966,0,81,30930.7584496939,23258020,31119.619148303078
4912,18580,30774.500316215337,0,81,31077.10135408616,23258020,31119.619148303078
4941,3795,30384.711499501493,0,81,30428.911057485948,42229020,31152.055235171487
3746,3750,30270.070362862836,0,81,30835.096024573966,47858020,31154.414922771237
3746,3752,30780.464063277697,0,81,30835.096024573966,47858020,31236.30776552936
3750,3752,31072.228325718785,0,81,31154.414922771237,47858020,31236.30776552936
4941,3814,29344.625393226244,0,81,29436.710552476747,33610020,31236.363021752524
3774,17038,27885.416726848005,0,81,28262.647471038865,31303020,31244.219776300724
15461,17038,27944.783135798265,0,81,28668.85262031445,31303020,31244.219776300724
4945,17038,28694.642804000385,0,81,29028.91209246697,31303020,31244.219776300724
3787,17038,29156.725703137414,0,81,29430.95945132931,31303020,31244.219776300724
3794,17038,29237.122270913307,0,81,29756.027455043957,31303020,31244.219776300724
3794,17038,29400.31952017787,0,81,29756.027455043957,31303020,31244.219776300724
18352,17038,28905.19528257128,0,81,29913.239098655617,31303020,31244.219776300724
3808,17038,30443.975966389575,0,81,30513.891641816877,31303020,31244.219776300724
3809,17038,30553.726028191002,0,81,30615.12802948016,31303020,31244.219776300724
18106,3745,30647.41999194138,0,81,30964.95887242223,9514020,31258.272968641333
3756,15343,29849.23737401811,0,81,30376.5804451348,23258020,31299.21795678992
18106,3753,30178.003481591328,0,81,30372.079630773962,47858020,31310.194518272052
3808,14102,30234.231016359576,0,81,30424.575254427804,21873020,31333.079813011045
3818,14102,29676.96190301921,0,81,30929.957101003558,21873020,31333.079813011045
17038,14102,30384.09745282368,0,81,31105.158441342366,21873020,31333.079813011045
17038,14102,30416.061353861292,0,81,31105.158441342366,21873020,31333.079813011045
17038,14102,30621.366286853783,0,81,31105.158441342366,21873020,31333.079813011045
17038,14102,30697.881326559687,0,81,31105.158441342366,21873020,31333.079813011045
4941,15948,30406.746432105792,0,81,30428.911057485948,42229020,31334.9448808798
14102,3746,30144.897963977663,0,81,30273.46226260015,9514020,31361.97866843891
3730,3746,30301.925982433168,0,81,30456.82622082218,9514020,31361.97866843891
18106,3746,30968.95541195485,0,81,30974.549481640577,9514020,31361.97866843891
3805,18107,31288.940709871313,0,81,31300.32321659893,19550020,31373.487628482002
4941,3808,29881.376185925208,0,81,29932.940656947405,19550020,31452.57273327807
18580,16192,30965.57575319445,0,81,31119.619148303078,23258020,31456.02003566931
18106,3755,29706.021506783753,0,81,30372.079630773962,47858020,31462.615963947886
3752,3755,31204.759226374597,0,81,31236.30776552936,47858020,31462.615963947886
3762,4912,30816.333612699505,0,81,31048.932104475505,27478020,31467.5283257682
3788,3802,30758.036229457797,0,81,30782.71813497306,42229020,31480.54843127543
14582,3809,29333.582097383987,0,81,29703.000000000004,19550020,31487.385291192353
3764,18580,31003.959879907503,0,81,31093.9260966095,27478020,31523.337518192235
14582,17133,29131.388216856514,0,81,29251.838570709457,33610020,31535.078072200755
4943,3804,30110.83806494703,0,81,30487.77817936087,42229020,31554.64405963179
15948,3804,31320.469647133577,0,81,31334.9448808798,42229020,31554.64405963179
3811,3818,30905.830673907712,0,81,31143.744318471025,33610020,31563.07324514322
3804,3810,30856.334449325765,0,81,31240.813815921778,19550020,31570.536648965015
3804,3810,31045.253185717684,0,81,31240.813815921778,19550020,31570.536648965015
18107,3810,31283.39430606989,0,81,31373.487628482002,19550020,31570.536648965015
18107,3810,31324.949276526047,0,81,31373.487628482002,19550020,31570.536648965015
3777,5348,30769.515401901615,0,81,31347.92117514522,35239020,31596.311040843
3749,3752,31425.04124547002,0,81,31579.720208478102,9514020,31656.552607478887
3746,4912,30014.780856717993,0,81,30087.568809912587,29932020,31672.465829505196
3765,4912,31306.385818531544,0,81,31393.75783205948,29932020,31672.465829505196
3776,4941,30488.99672116926,0,81,31321.547262842992,35239020,31693.78657161224
3776,4941,30981.584419987306,0,81,31321.547262842992,35239020,31693.78657161224
3777,4941,30261.875420277822,0,81,31347.92117514522,35239020,31693.78657161224
14582,4941,30657.356434943045,0,81,31419.23845657275,35239020,31693.78657161224
14582,4941,31430.7693814261,0,81,31430.906519669887,35239020,31693.78657161224
3746,3753,30935.042957829086,0,81,31361.97866843891,9514020,31700.594059061877
3795,3809,30890.357892153403,0,81,31152.055235171487,42229020,31721.740254681317
4941,4943,30963.444568250296,0,81,31693.78657161224,35239020,31759.578502591434
3773,17038,28673.288795659937,0,81,29070.0,33610020,31822.429885554124
3774,17038,28786.2053655892,0,81,29101.55686943334,33610020,31822.429885554124
3804,17038,30653.909893797776,0,81,30658.23668345227,33610020,31822.429885554124
18580,16192,31403.115884096234,0,81,31523.337518192235,27478020,31842.287330797633
5418,16192,31582.450457365045,0,81,31707.237430371617,27478020,31842.287330797633
4943,4947,30792.904775563195,0,81,31759.578502591434,35239020,31857.740307914857
14102,18106,30414.803230785245,0,81,31280.13958610485,9066020,31883.75808963688
3746,3760,30504.07212585804,0,81,30835.096024573966,47858020,31887.22224038126
3750,3760,30626.644666690292,0,81,31154.414922771237,47858020,31887.22224038126
3741,3756,30672.787512591538,0,81,31006.549481640577,9514020,31905.94405652467
3742,3756,30512.480939646375,0,81,31049.574675732136,9514020,31905.94405652467
3746,3756,30989.39401495448,0,81,31361.97866843891,9514020,31905.94405652467
3748,3756,31386.695106977055,0,81,31523.276648499657,9514020,31905.94405652467
17247,3816,30321.179553539925,0,81,30718.53522471852,42229020,31961.77540189475
3804,17133,31532.395301991197,0,81,31554.64405963179,42229020,31992.844769140567
4941,17247,30527.323054561984,0,81,31693.78657161224,35239020,32002.98624745915
14102,3742,30342.170596222488,0,81,31280.13958610485,9066020,32008.48204444857
3752,17606,30800.937114660603,0,81,31236.30776552936,47858020,32020.166585816525
3814,14102,31110.112353963214,0,81,31236.363021752524,33610020,32030.66646840289
4941,3788,31034.327114018128,0,81,31693.78657161224,35239020,32057.491529302315
4941,3788,31112.287571626315,0,81,31693.78657161224,35239020,32057.491529302315
3752,3762,30667.585753830353,0,81,31236.30776552936,47858020,32058.934748780284
3756,3762,31462.8638539089,0,81,31649.231960702935,47858020,32058.934748780284
4941,17038,29617.870405547987,0,81,29932.940656947405,19550020,32167.519021465178
3788,17038,30228.375291569388,0,81,30351.45964715145,19550020,32167.519021465178
3804,17038,30712.535306665046,0,81,31240.813815921778,19550020,32167.519021465178
3805,17038,30778.665606445957,0,81,31300.32321659893,19550020,32167.519021465178
3810,17038,31310.693219546727,0,81,31570.536648965015,19550020,32167.519021465178
3748,3764,30850.811468881355,0,81,31027.372663747017,47858020,32179.274565653086
4941,3823,30288.01403577902,0,81,30428.911057485948,42229020,32188.417398139492
17038,14102,31860.220444737846,0,81,32167.519021465178,19550020,32199.955343604302
14102,3746,31739.019187441205,0,81,32030.66646840289,25668020,32857.03498861973
14102,3746,31969.982959528912,0,81,32030.66646840289,25668020,32857.03498861973
18106,3746,32377.89872635699,0,81,32584.351860662144,25668020,32857.03498861973
3741,3746,32030.188730146878,0,81,32620.615997810015,25668020,32857.03498861973
14102,3747,31611.433838440098,0,81,32030.66646840289,25668020,32897.305483279066
3749,3750,32203.755193974906,0,81,33026.8221415859,25668020,33073.90951614192
3748,3756,32341.001294007197,0,81,32938.12602644541,25668020,33267.40638124081
3752,3756,32013.78722630338,0,81,33133.96124997812,25668020,33267.40638124081
3746,17606,32315.186011670005,0,81,32857.03498861973,25668020,33619.11441701952
3748,17606,32494.803134842503,0,81,32938.12602644541,25668020,33619.11441701952
18106,3762,32125.549810325498,0,81,32584.351860662144,25668020,33647.49206316239
3746,3762,32806.031017520094,0,81,32857.03498861973,25668020,33647.49206316239
14102,3764,32003.80248240183,0,81,32030.66646840289,25668020,33697.96829900124
3747,4908,32701.812452306927,0,81,32897.305483279066,25668020,33866.35011040321
3748,4908,32489.77257267672,0,81,32938.12602644541,25668020,33866.35011040321
3756,4908,32067.28158540419,0,81,33267.40638124081,25668020,33866.35011040321
3762,4908,32493.50538287258,0,81,33647.49206316239,25668020,33866.35011040321
3748,4910,32355.385953823457,0,81,32938.12602644541,25668020,33925.239746787876
3748,4912,32475.214689901124,0,81,32938.12602644541,25668020,33962.8893577437
4908,4912,33633.38323160131,0,81,33866.35011040321,25668020,33962.8893577437
3743,18580,32447.728802488724,0,81,32694.814040063673,25668020,34004.409265592854
3747,18580,32553.306549141627,0,81,32897.305483279066,25668020,34004.409265592854
3749,18580,32473.131716479664,0,81,33026.8221415859,25668020,34004.409265592854
3749,18580,32695.75037314694,0,81,33026.8221415859,25668020,34004.409265592854
3756,18580,32088.532339470985,0,81,33267.40638124081,25668020,34004.409265592854
3756,18580,32706.23519521572,0,81,33267.40638124081,25668020,34004.409265592854
17249,18580,33001.099557419155,0,81,33438.970365382454,25668020,34004.409265592854
3760,18580,33189.725261957596,0,81,33506.28075865679,25668020,34004.409265592854
3749,15343,32826.61024438834,0,81,33026.8221415859,25668020,34159.967257449774
14102,5418,31745.72722656145,0,81,32030.66646840289,25668020,34200.06681630616
18580,5418,31740.679673800747,0,81,34004.409265592854,25668020,34200.06681630616
14102,3771,31404.730739936538,0,81,32030.66646840289,25668020,34258.07509470062
18580,3771,32829.291499769024,0,81,34004.409265592854,25668020,34258.07509470062
3757,16192,32383.64477306221,0,81,33381.638018896236,25668020,34323.50080330539
18580,16192,33582.92170298143,0,81,34004.409265592854,25668020,34323.50080330539
3762,2363,33651.77482953589,0,81,33657.96829900124,25668020,34470.92430448466
4908,3773,33803.55927582568,0,81,33866.35011040321,25668020,34659.99914928552
18580,3773,31732.76733222059,0,81,34004.409265592854,25668020,34659.99914928552
3773,3774,32072.62963262999,0,81,35760.0,16124020,35795.82496891554
3776,14582,35332.31791883555,0,81,35919.303811045065,16124020,36028.503459072
